OrderID,CustomerID,EmployeeID,OrderDate,ProductID,ShipVia,UnitPrice,Quantity,Discount
10248,VINET,5,7/4/1996,11,3,14,12,0
10248,VINET,5,7/4/1996,42,3,9.8,10,0
10248,VINET,5,7/4/1996,72,3,34.8,5,0
10249,TOMSP,6,7/5/1996,14,1,18.6,9,0
10249,TOMSP,6,7/5/1996,51,1,42.4,40,0
10250,HANAR,4,7/8/1996,41,2,7.7,10,0
10250,HANAR,4,7/8/1996,51,2,42.4,35,0.15
10250,HANAR,4,7/8/1996,65,2,16.8,15,0.15
10251,VICTE,3,7/8/1996,22,1,16.8,6,0.05
10251,VICTE,3,7/8/1996,57,1,15.6,15,0.05
10251,VICTE,3,7/8/1996,65,1,16.8,20,0
10252,SUPRD,4,7/9/1996,20,2,64.8,40,0.05
10252,SUPRD,4,7/9/1996,33,2,2,25,0.05
10252,SUPRD,4,7/9/1996,60,2,27.2,40,0
10253,HANAR,3,7/10/1996,31,2,10,20,0
10253,HANAR,3,7/10/1996,39,2,14.4,42,0
10253,HANAR,3,7/10/1996,49,2,16,40,0
10254,CHOPS,5,7/11/1996,24,2,3.6,15,0.15
10254,CHOPS,5,7/11/1996,55,2,19.2,21,0.15
10254,CHOPS,5,7/11/1996,74,2,8,21,0
10255,RICSU,9,7/12/1996,2,3,15.2,20,0
10255,RICSU,9,7/12/1996,16,3,13.9,35,0
10255,RICSU,9,7/12/1996,36,3,15.2,25,0
10255,RICSU,9,7/12/1996,59,3,44,30,0
10256,WELLI,3,7/15/1996,53,2,26.2,15,0
10256,WELLI,3,7/15/1996,77,2,10.4,12,0
10257,HILAA,4,7/16/1996,27,3,35.1,25,0
10257,HILAA,4,7/16/1996,39,3,14.4,6,0
10257,HILAA,4,7/16/1996,77,3,10.4,15,0
10258,ERNSH,1,7/17/1996,2,1,15.2,50,0.2
10258,ERNSH,1,7/17/1996,5,1,17,65,0.2
10258,ERNSH,1,7/17/1996,32,1,25.6,6,0.2
10259,CENTC,4,7/18/1996,21,3,8,10,0
10259,CENTC,4,7/18/1996,37,3,20.8,1,0
10260,OTTIK,4,7/19/1996,41,1,7.7,16,0.25
10260,OTTIK,4,7/19/1996,57,1,15.6,50,0
10260,OTTIK,4,7/19/1996,62,1,39.4,15,0.25
10260,OTTIK,4,7/19/1996,70,1,12,21,0.25
10261,QUEDE,4,7/19/1996,21,2,8,20,0
10261,QUEDE,4,7/19/1996,35,2,14.4,20,0
10262,RATTC,8,7/22/1996,5,3,17,12,0.2
10262,RATTC,8,7/22/1996,7,3,24,15,0
10262,RATTC,8,7/22/1996,56,3,30.4,2,0
10263,ERNSH,9,7/23/1996,16,3,13.9,60,0.25
10263,ERNSH,9,7/23/1996,24,3,3.6,28,0
10263,ERNSH,9,7/23/1996,30,3,20.7,60,0.25
10263,ERNSH,9,7/23/1996,74,3,8,36,0.25
10264,FOLKO,6,7/24/1996,2,3,15.2,35,0
10264,FOLKO,6,7/24/1996,41,3,7.7,25,0.15
10265,BLONP,2,7/25/1996,17,1,31.2,30,0
10265,BLONP,2,7/25/1996,70,1,12,20,0
10266,WARTH,3,7/26/1996,12,3,30.4,12,0.05
10267,FRANK,4,7/29/1996,40,1,14.7,50,0
10267,FRANK,4,7/29/1996,59,1,44,70,0.15
10267,FRANK,4,7/29/1996,76,1,14.4,15,0.15
10268,GROSR,8,7/30/1996,29,3,99,10,0
10268,GROSR,8,7/30/1996,72,3,27.8,4,0
10269,WHITC,5,7/31/1996,33,1,2,60,0.05
10269,WHITC,5,7/31/1996,72,1,27.8,20,0.05
10270,WARTH,1,8/1/1996,36,1,15.2,30,0
10270,WARTH,1,8/1/1996,43,1,36.8,25,0
10271,SPLIR,6,8/1/1996,33,2,2,24,0
10272,RATTC,6,8/2/1996,20,2,64.8,6,0
10272,RATTC,6,8/2/1996,31,2,10,40,0
10272,RATTC,6,8/2/1996,72,2,27.8,24,0
10273,QUICK,3,8/5/1996,10,3,24.8,24,0.05
10273,QUICK,3,8/5/1996,31,3,10,15,0.05
10273,QUICK,3,8/5/1996,33,3,2,20,0
10273,QUICK,3,8/5/1996,40,3,14.7,60,0.05
10273,QUICK,3,8/5/1996,76,3,14.4,33,0.05
10274,VINET,6,8/6/1996,71,1,17.2,20,0
10274,VINET,6,8/6/1996,72,1,27.8,7,0
10275,MAGAA,1,8/7/1996,24,1,3.6,12,0.05
10275,MAGAA,1,8/7/1996,59,1,44,6,0.05
10276,TORTU,8,8/8/1996,10,3,24.8,15,0
10276,TORTU,8,8/8/1996,13,3,4.8,10,0
10277,MORGK,2,8/9/1996,28,3,36.4,20,0
10277,MORGK,2,8/9/1996,62,3,39.4,12,0
10278,BERGS,8,8/12/1996,44,2,15.5,16,0
10278,BERGS,8,8/12/1996,59,2,44,15,0
10278,BERGS,8,8/12/1996,63,2,35.1,8,0
10278,BERGS,8,8/12/1996,73,2,12,25,0
10279,LEHMS,8,8/13/1996,17,2,31.2,15,0.25
10280,BERGS,2,8/14/1996,24,1,3.6,12,0
10280,BERGS,2,8/14/1996,55,1,19.2,20,0
10280,BERGS,2,8/14/1996,75,1,6.2,30,0
10281,ROMEY,4,8/14/1996,19,1,7.3,1,0
10281,ROMEY,4,8/14/1996,24,1,3.6,6,0
10281,ROMEY,4,8/14/1996,35,1,14.4,4,0
10282,ROMEY,4,8/15/1996,30,1,20.7,6,0
10282,ROMEY,4,8/15/1996,57,1,15.6,2,0
10283,LILAS,3,8/16/1996,15,3,12.4,20,0
10283,LILAS,3,8/16/1996,19,3,7.3,18,0
10283,LILAS,3,8/16/1996,60,3,27.2,35,0
10283,LILAS,3,8/16/1996,72,3,27.8,3,0
10284,LEHMS,4,8/19/1996,27,1,35.1,15,0.25
10284,LEHMS,4,8/19/1996,44,1,15.5,21,0
10284,LEHMS,4,8/19/1996,60,1,27.2,20,0.25
10284,LEHMS,4,8/19/1996,67,1,11.2,5,0.25
10285,QUICK,1,8/20/1996,1,2,14.4,45,0.2
10285,QUICK,1,8/20/1996,40,2,14.7,40,0.2
10285,QUICK,1,8/20/1996,53,2,26.2,36,0.2
10286,QUICK,8,8/21/1996,35,3,14.4,100,0
10286,QUICK,8,8/21/1996,62,3,39.4,40,0
10287,RICAR,8,8/22/1996,16,3,13.9,40,0.15
10287,RICAR,8,8/22/1996,34,3,11.2,20,0
10287,RICAR,8,8/22/1996,46,3,9.6,15,0.15
10288,REGGC,4,8/23/1996,54,1,5.9,10,0.1
10288,REGGC,4,8/23/1996,68,1,10,3,0.1
10289,BSBEV,7,8/26/1996,3,3,8,30,0
10289,BSBEV,7,8/26/1996,64,3,26.6,9,0
10290,COMMI,8,8/27/1996,5,1,17,20,0
10290,COMMI,8,8/27/1996,29,1,99,15,0
10290,COMMI,8,8/27/1996,49,1,16,15,0
10290,COMMI,8,8/27/1996,77,1,10.4,10,0
10291,QUEDE,6,8/27/1996,13,2,4.8,20,0.1
10291,QUEDE,6,8/27/1996,44,2,15.5,24,0.1
10291,QUEDE,6,8/27/1996,51,2,42.4,2,0.1
10292,TRADH,1,8/28/1996,20,2,64.8,20,0
10293,TORTU,1,8/29/1996,18,3,50,12,0
10293,TORTU,1,8/29/1996,24,3,3.6,10,0
10293,TORTU,1,8/29/1996,63,3,35.1,5,0
10293,TORTU,1,8/29/1996,75,3,6.2,6,0
10294,RATTC,4,8/30/1996,1,2,14.4,18,0
10294,RATTC,4,8/30/1996,17,2,31.2,15,0
10294,RATTC,4,8/30/1996,43,2,36.8,15,0
10294,RATTC,4,8/30/1996,60,2,27.2,21,0
10294,RATTC,4,8/30/1996,75,2,6.2,6,0
10295,VINET,2,9/2/1996,56,2,30.4,4,0
10296,LILAS,6,9/3/1996,11,1,16.8,12,0
10296,LILAS,6,9/3/1996,16,1,13.9,30,0
10296,LILAS,6,9/3/1996,69,1,28.8,15,0
10297,BLONP,5,9/4/1996,39,2,14.4,60,0
10297,BLONP,5,9/4/1996,72,2,27.8,20,0
10298,HUNGO,6,9/5/1996,2,2,15.2,40,0
10298,HUNGO,6,9/5/1996,36,2,15.2,40,0.25
10298,HUNGO,6,9/5/1996,59,2,44,30,0.25
10298,HUNGO,6,9/5/1996,62,2,39.4,15,0
10299,RICAR,4,9/6/1996,19,2,7.3,15,0
10299,RICAR,4,9/6/1996,70,2,12,20,0
10300,MAGAA,2,9/9/1996,66,2,13.6,30,0
10300,MAGAA,2,9/9/1996,68,2,10,20,0
10301,WANDK,8,9/9/1996,40,2,14.7,10,0
10301,WANDK,8,9/9/1996,56,2,30.4,20,0
10302,SUPRD,4,9/10/1996,17,2,31.2,40,0
10302,SUPRD,4,9/10/1996,28,2,36.4,28,0
10302,SUPRD,4,9/10/1996,43,2,36.8,12,0
10303,GODOS,7,9/11/1996,40,2,14.7,40,0.1
10303,GODOS,7,9/11/1996,65,2,16.8,30,0.1
10303,GODOS,7,9/11/1996,68,2,10,15,0.1
10304,TORTU,1,9/12/1996,49,2,16,30,0
10304,TORTU,1,9/12/1996,59,2,44,10,0
10304,TORTU,1,9/12/1996,71,2,17.2,2,0
10305,OLDWO,8,9/13/1996,18,3,50,25,0.1
10305,OLDWO,8,9/13/1996,29,3,99,25,0.1
10305,OLDWO,8,9/13/1996,39,3,14.4,30,0.1
10306,ROMEY,1,9/16/1996,30,3,20.7,10,0
10306,ROMEY,1,9/16/1996,53,3,26.2,10,0
10306,ROMEY,1,9/16/1996,54,3,5.9,5,0
10307,LONEP,2,9/17/1996,62,2,39.4,10,0
10307,LONEP,2,9/17/1996,68,2,10,3,0
10308,ANATR,7,9/18/1996,69,3,28.8,1,0
10308,ANATR,7,9/18/1996,70,3,12,5,0
10309,HUNGO,3,9/19/1996,4,1,17.6,20,0
10309,HUNGO,3,9/19/1996,6,1,20,30,0
10309,HUNGO,3,9/19/1996,42,1,11.2,2,0
10309,HUNGO,3,9/19/1996,43,1,36.8,20,0
10309,HUNGO,3,9/19/1996,71,1,17.2,3,0
10310,THEBI,8,9/20/1996,16,2,13.9,10,0
10310,THEBI,8,9/20/1996,62,2,39.4,5,0
10311,DUMON,1,9/20/1996,42,3,11.2,6,0
10311,DUMON,1,9/20/1996,69,3,28.8,7,0
10312,WANDK,2,9/23/1996,28,2,36.4,4,0
10312,WANDK,2,9/23/1996,43,2,36.8,24,0
10312,WANDK,2,9/23/1996,53,2,26.2,20,0
10312,WANDK,2,9/23/1996,75,2,6.2,10,0
10313,QUICK,2,9/24/1996,36,2,15.2,12,0
10314,RATTC,1,9/25/1996,32,2,25.6,40,0.1
10314,RATTC,1,9/25/1996,58,2,10.6,30,0.1
10314,RATTC,1,9/25/1996,62,2,39.4,25,0.1
10315,ISLAT,4,9/26/1996,34,2,11.2,14,0
10315,ISLAT,4,9/26/1996,70,2,12,30,0
10316,RATTC,1,9/27/1996,41,3,7.7,10,0
10316,RATTC,1,9/27/1996,62,3,39.4,70,0
10317,LONEP,6,9/30/1996,1,1,14.4,20,0
10318,ISLAT,8,10/1/1996,41,2,7.7,20,0
10318,ISLAT,8,10/1/1996,76,2,14.4,6,0
10319,TORTU,7,10/2/1996,17,3,31.2,8,0
10319,TORTU,7,10/2/1996,28,3,36.4,14,0
10319,TORTU,7,10/2/1996,76,3,14.4,30,0
10320,WARTH,5,10/3/1996,71,3,17.2,30,0
10321,ISLAT,3,10/3/1996,35,2,14.4,10,0
10322,PERIC,7,10/4/1996,52,3,5.6,20,0
10323,KOENE,4,10/7/1996,15,1,12.4,5,0
10323,KOENE,4,10/7/1996,25,1,11.2,4,0
10323,KOENE,4,10/7/1996,39,1,14.4,4,0
10324,SAVEA,9,10/8/1996,16,1,13.9,21,0.15
10324,SAVEA,9,10/8/1996,35,1,14.4,70,0.15
10324,SAVEA,9,10/8/1996,46,1,9.6,30,0
10324,SAVEA,9,10/8/1996,59,1,44,40,0.15
10324,SAVEA,9,10/8/1996,63,1,35.1,80,0.15
10325,KOENE,1,10/9/1996,6,3,20,6,0
10325,KOENE,1,10/9/1996,13,3,4.8,12,0
10325,KOENE,1,10/9/1996,14,3,18.6,9,0
10325,KOENE,1,10/9/1996,31,3,10,4,0
10325,KOENE,1,10/9/1996,72,3,27.8,40,0
10326,BOLID,4,10/10/1996,4,2,17.6,24,0
10326,BOLID,4,10/10/1996,57,2,15.6,16,0
10326,BOLID,4,10/10/1996,75,2,6.2,50,0
10327,FOLKO,2,10/11/1996,2,1,15.2,25,0.2
10327,FOLKO,2,10/11/1996,11,1,16.8,50,0.2
10327,FOLKO,2,10/11/1996,30,1,20.7,35,0.2
10327,FOLKO,2,10/11/1996,58,1,10.6,30,0.2
10328,FURIB,4,10/14/1996,59,3,44,9,0
10328,FURIB,4,10/14/1996,65,3,16.8,40,0
10328,FURIB,4,10/14/1996,68,3,10,10,0
10329,SPLIR,4,10/15/1996,19,2,7.3,10,0.05
10329,SPLIR,4,10/15/1996,30,2,20.7,8,0.05
10329,SPLIR,4,10/15/1996,38,2,210.8,20,0.05
10329,SPLIR,4,10/15/1996,56,2,30.4,12,0.05
10330,LILAS,3,10/16/1996,26,1,24.9,50,0.15
10330,LILAS,3,10/16/1996,72,1,27.8,25,0.15
10331,BONAP,9,10/16/1996,54,1,5.9,15,0
10332,MEREP,3,10/17/1996,18,2,50,40,0.2
10332,MEREP,3,10/17/1996,42,2,11.2,10,0.2
10332,MEREP,3,10/17/1996,47,2,7.6,16,0.2
10333,WARTH,5,10/18/1996,14,3,18.6,10,0
10333,WARTH,5,10/18/1996,21,3,8,10,0.1
10333,WARTH,5,10/18/1996,71,3,17.2,40,0.1
10334,VICTE,8,10/21/1996,52,2,5.6,8,0
10334,VICTE,8,10/21/1996,68,2,10,10,0
10335,HUNGO,7,10/22/1996,2,2,15.2,7,0.2
10335,HUNGO,7,10/22/1996,31,2,10,25,0.2
10335,HUNGO,7,10/22/1996,32,2,25.6,6,0.2
10335,HUNGO,7,10/22/1996,51,2,42.4,48,0.2
10336,PRINI,7,10/23/1996,4,2,17.6,18,0.1
10337,FRANK,4,10/24/1996,23,3,7.2,40,0
10337,FRANK,4,10/24/1996,26,3,24.9,24,0
10337,FRANK,4,10/24/1996,36,3,15.2,20,0
10337,FRANK,4,10/24/1996,37,3,20.8,28,0
10337,FRANK,4,10/24/1996,72,3,27.8,25,0
10338,OLDWO,4,10/25/1996,17,3,31.2,20,0
10338,OLDWO,4,10/25/1996,30,3,20.7,15,0
10339,MEREP,2,10/28/1996,4,2,17.6,10,0
10339,MEREP,2,10/28/1996,17,2,31.2,70,0.05
10339,MEREP,2,10/28/1996,62,2,39.4,28,0
10340,BONAP,1,10/29/1996,18,3,50,20,0.05
10340,BONAP,1,10/29/1996,41,3,7.7,12,0.05
10340,BONAP,1,10/29/1996,43,3,36.8,40,0.05
10341,SIMOB,7,10/29/1996,33,3,2,8,0
10341,SIMOB,7,10/29/1996,59,3,44,9,0.15
10342,FRANK,4,10/30/1996,2,2,15.2,24,0.2
10342,FRANK,4,10/30/1996,31,2,10,56,0.2
10342,FRANK,4,10/30/1996,36,2,15.2,40,0.2
10342,FRANK,4,10/30/1996,55,2,19.2,40,0.2
10343,LEHMS,4,10/31/1996,64,1,26.6,50,0
10343,LEHMS,4,10/31/1996,68,1,10,4,0.05
10343,LEHMS,4,10/31/1996,76,1,14.4,15,0
10344,WHITC,4,11/1/1996,4,2,17.6,35,0
10344,WHITC,4,11/1/1996,8,2,32,70,0.25
10345,QUICK,2,11/4/1996,8,2,32,70,0
10345,QUICK,2,11/4/1996,19,2,7.3,80,0
10345,QUICK,2,11/4/1996,42,2,11.2,9,0
10346,RATTC,3,11/5/1996,17,3,31.2,36,0.1
10346,RATTC,3,11/5/1996,56,3,30.4,20,0
10347,FAMIA,4,11/6/1996,25,3,11.2,10,0
10347,FAMIA,4,11/6/1996,39,3,14.4,50,0.15
10347,FAMIA,4,11/6/1996,40,3,14.7,4,0
10347,FAMIA,4,11/6/1996,75,3,6.2,6,0.15
10348,WANDK,4,11/7/1996,1,2,14.4,15,0.15
10348,WANDK,4,11/7/1996,23,2,7.2,25,0
10349,SPLIR,7,11/8/1996,54,1,5.9,24,0
10350,LAMAI,6,11/11/1996,50,2,13,15,0.1
10350,LAMAI,6,11/11/1996,69,2,28.8,18,0.1
10351,ERNSH,1,11/11/1996,38,1,210.8,20,0.05
10351,ERNSH,1,11/11/1996,41,1,7.7,13,0
10351,ERNSH,1,11/11/1996,44,1,15.5,77,0.05
10351,ERNSH,1,11/11/1996,65,1,16.8,10,0.05
10352,FURIB,3,11/12/1996,24,3,3.6,10,0
10352,FURIB,3,11/12/1996,54,3,5.9,20,0.15
10353,PICCO,7,11/13/1996,11,3,16.8,12,0.2
10353,PICCO,7,11/13/1996,38,3,210.8,50,0.2
10354,PERIC,8,11/14/1996,1,3,14.4,12,0
10354,PERIC,8,11/14/1996,29,3,99,4,0
10355,AROUT,6,11/15/1996,24,1,3.6,25,0
10355,AROUT,6,11/15/1996,57,1,15.6,25,0
10356,WANDK,6,11/18/1996,31,2,10,30,0
10356,WANDK,6,11/18/1996,55,2,19.2,12,0
10356,WANDK,6,11/18/1996,69,2,28.8,20,0
10357,LILAS,1,11/19/1996,10,3,24.8,30,0.2
10357,LILAS,1,11/19/1996,26,3,24.9,16,0
10357,LILAS,1,11/19/1996,60,3,27.2,8,0.2
10358,LAMAI,5,11/20/1996,24,1,3.6,10,0.05
10358,LAMAI,5,11/20/1996,34,1,11.2,10,0.05
10358,LAMAI,5,11/20/1996,36,1,15.2,20,0.05
10359,SEVES,5,11/21/1996,16,3,13.9,56,0.05
10359,SEVES,5,11/21/1996,31,3,10,70,0.05
10359,SEVES,5,11/21/1996,60,3,27.2,80,0.05
10360,BLONP,4,11/22/1996,28,3,36.4,30,0
10360,BLONP,4,11/22/1996,29,3,99,35,0
10360,BLONP,4,11/22/1996,38,3,210.8,10,0
10360,BLONP,4,11/22/1996,49,3,16,35,0
10360,BLONP,4,11/22/1996,54,3,5.9,28,0
10361,QUICK,1,11/22/1996,39,2,14.4,54,0.1
10361,QUICK,1,11/22/1996,60,2,27.2,55,0.1
10362,BONAP,3,11/25/1996,25,1,11.2,50,0
10362,BONAP,3,11/25/1996,51,1,42.4,20,0
10362,BONAP,3,11/25/1996,54,1,5.9,24,0
10363,DRACD,4,11/26/1996,31,3,10,20,0
10363,DRACD,4,11/26/1996,75,3,6.2,12,0
10363,DRACD,4,11/26/1996,76,3,14.4,12,0
10364,EASTC,1,11/26/1996,69,1,28.8,30,0
10364,EASTC,1,11/26/1996,71,1,17.2,5,0
10365,ANTON,3,11/27/1996,11,2,16.8,24,0
10366,GALED,8,11/28/1996,65,2,16.8,5,0
10366,GALED,8,11/28/1996,77,2,10.4,5,0
10367,VAFFE,7,11/28/1996,34,3,11.2,36,0
10367,VAFFE,7,11/28/1996,54,3,5.9,18,0
10367,VAFFE,7,11/28/1996,65,3,16.8,15,0
10367,VAFFE,7,11/28/1996,77,3,10.4,7,0
10368,ERNSH,2,11/29/1996,21,2,8,5,0.1
10368,ERNSH,2,11/29/1996,28,2,36.4,13,0.1
10368,ERNSH,2,11/29/1996,57,2,15.6,25,0
10368,ERNSH,2,11/29/1996,64,2,26.6,35,0.1
10369,SPLIR,8,12/2/1996,29,2,99,20,0
10369,SPLIR,8,12/2/1996,56,2,30.4,18,0.25
10370,CHOPS,6,12/3/1996,1,2,14.4,15,0.15
10370,CHOPS,6,12/3/1996,64,2,26.6,30,0
10370,CHOPS,6,12/3/1996,74,2,8,20,0.15
10371,LAMAI,1,12/3/1996,36,1,15.2,6,0.2
10372,QUEEN,5,12/4/1996,20,2,64.8,12,0.25
10372,QUEEN,5,12/4/1996,38,2,210.8,40,0.25
10372,QUEEN,5,12/4/1996,60,2,27.2,70,0.25
10372,QUEEN,5,12/4/1996,72,2,27.8,42,0.25
10373,HUNGO,4,12/5/1996,58,3,10.6,80,0.2
10373,HUNGO,4,12/5/1996,71,3,17.2,50,0.2
10374,WOLZA,1,12/5/1996,31,3,10,30,0
10374,WOLZA,1,12/5/1996,58,3,10.6,15,0
10375,HUNGC,3,12/6/1996,14,2,18.6,15,0
10375,HUNGC,3,12/6/1996,54,2,5.9,10,0
10376,MEREP,1,12/9/1996,31,2,10,42,0.05
10377,SEVES,1,12/9/1996,28,3,36.4,20,0.15
10377,SEVES,1,12/9/1996,39,3,14.4,20,0.15
10378,FOLKO,5,12/10/1996,71,3,17.2,6,0
10379,QUEDE,2,12/11/1996,41,1,7.7,8,0.1
10379,QUEDE,2,12/11/1996,63,1,35.1,16,0.1
10379,QUEDE,2,12/11/1996,65,1,16.8,20,0.1
10380,HUNGO,8,12/12/1996,30,3,20.7,18,0.1
10380,HUNGO,8,12/12/1996,53,3,26.2,20,0.1
10380,HUNGO,8,12/12/1996,60,3,27.2,6,0.1
10380,HUNGO,8,12/12/1996,70,3,12,30,0
10381,LILAS,3,12/12/1996,74,3,8,14,0
10382,ERNSH,4,12/13/1996,5,1,17,32,0
10382,ERNSH,4,12/13/1996,18,1,50,9,0
10382,ERNSH,4,12/13/1996,29,1,99,14,0
10382,ERNSH,4,12/13/1996,33,1,2,60,0
10382,ERNSH,4,12/13/1996,74,1,8,50,0
10383,AROUT,8,12/16/1996,13,3,4.8,20,0
10383,AROUT,8,12/16/1996,50,3,13,15,0
10383,AROUT,8,12/16/1996,56,3,30.4,20,0
10384,BERGS,3,12/16/1996,20,3,64.8,28,0
10384,BERGS,3,12/16/1996,60,3,27.2,15,0
10385,SPLIR,1,12/17/1996,7,2,24,10,0.2
10385,SPLIR,1,12/17/1996,60,2,27.2,20,0.2
10385,SPLIR,1,12/17/1996,68,2,10,8,0.2
10386,FAMIA,9,12/18/1996,24,3,3.6,15,0
10386,FAMIA,9,12/18/1996,34,3,11.2,10,0
10387,SANTG,1,12/18/1996,24,2,3.6,15,0
10387,SANTG,1,12/18/1996,28,2,36.4,6,0
10387,SANTG,1,12/18/1996,59,2,44,12,0
10387,SANTG,1,12/18/1996,71,2,17.2,15,0
10388,SEVES,2,12/19/1996,45,1,7.6,15,0.2
10388,SEVES,2,12/19/1996,52,1,5.6,20,0.2
10388,SEVES,2,12/19/1996,53,1,26.2,40,0
10389,BOTTM,4,12/20/1996,10,2,24.8,16,0
10389,BOTTM,4,12/20/1996,55,2,19.2,15,0
10389,BOTTM,4,12/20/1996,62,2,39.4,20,0
10389,BOTTM,4,12/20/1996,70,2,12,30,0
10390,ERNSH,6,12/23/1996,31,1,10,60,0.1
10390,ERNSH,6,12/23/1996,35,1,14.4,40,0.1
10390,ERNSH,6,12/23/1996,46,1,9.6,45,0
10390,ERNSH,6,12/23/1996,72,1,27.8,24,0.1
10391,DRACD,3,12/23/1996,13,3,4.8,18,0
10392,PICCO,2,12/24/1996,69,3,28.8,50,0
10393,SAVEA,1,12/25/1996,2,3,15.2,25,0.25
10393,SAVEA,1,12/25/1996,14,3,18.6,42,0.25
10393,SAVEA,1,12/25/1996,25,3,11.2,7,0.25
10393,SAVEA,1,12/25/1996,26,3,24.9,70,0.25
10393,SAVEA,1,12/25/1996,31,3,10,32,0
10394,HUNGC,1,12/25/1996,13,3,4.8,10,0
10394,HUNGC,1,12/25/1996,62,3,39.4,10,0
10395,HILAA,6,12/26/1996,46,1,9.6,28,0.1
10395,HILAA,6,12/26/1996,53,1,26.2,70,0.1
10395,HILAA,6,12/26/1996,69,1,28.8,8,0
10396,FRANK,1,12/27/1996,23,3,7.2,40,0
10396,FRANK,1,12/27/1996,71,3,17.2,60,0
10396,FRANK,1,12/27/1996,72,3,27.8,21,0
10397,PRINI,5,12/27/1996,21,1,8,10,0.15
10397,PRINI,5,12/27/1996,51,1,42.4,18,0.15
10398,SAVEA,2,12/30/1996,35,3,14.4,30,0
10398,SAVEA,2,12/30/1996,55,3,19.2,120,0.1
10399,VAFFE,8,12/31/1996,68,3,10,60,0
10399,VAFFE,8,12/31/1996,71,3,17.2,30,0
10399,VAFFE,8,12/31/1996,76,3,14.4,35,0
10399,VAFFE,8,12/31/1996,77,3,10.4,14,0
10400,EASTC,1,1/1/1997,29,3,99,21,0
10400,EASTC,1,1/1/1997,35,3,14.4,35,0
10400,EASTC,1,1/1/1997,49,3,16,30,0
10401,RATTC,1,1/1/1997,30,1,20.7,18,0
10401,RATTC,1,1/1/1997,56,1,30.4,70,0
10401,RATTC,1,1/1/1997,65,1,16.8,20,0
10401,RATTC,1,1/1/1997,71,1,17.2,60,0
10402,ERNSH,8,1/2/1997,23,2,7.2,60,0
10402,ERNSH,8,1/2/1997,63,2,35.1,65,0
10403,ERNSH,4,1/3/1997,16,3,13.9,21,0.15
10403,ERNSH,4,1/3/1997,48,3,10.2,70,0.15
10404,MAGAA,2,1/3/1997,26,1,24.9,30,0.05
10404,MAGAA,2,1/3/1997,42,1,11.2,40,0.05
10404,MAGAA,2,1/3/1997,49,1,16,30,0.05
10405,LINOD,1,1/6/1997,3,1,8,50,0
10406,QUEEN,7,1/7/1997,1,1,14.4,10,0
10406,QUEEN,7,1/7/1997,21,1,8,30,0.1
10406,QUEEN,7,1/7/1997,28,1,36.4,42,0.1
10406,QUEEN,7,1/7/1997,36,1,15.2,5,0.1
10406,QUEEN,7,1/7/1997,40,1,14.7,2,0.1
10407,OTTIK,2,1/7/1997,11,2,16.8,30,0
10407,OTTIK,2,1/7/1997,69,2,28.8,15,0
10407,OTTIK,2,1/7/1997,71,2,17.2,15,0
10408,FOLIG,8,1/8/1997,37,1,20.8,10,0
10408,FOLIG,8,1/8/1997,54,1,5.9,6,0
10408,FOLIG,8,1/8/1997,62,1,39.4,35,0
10409,OCEAN,3,1/9/1997,14,1,18.6,12,0
10409,OCEAN,3,1/9/1997,21,1,8,12,0
10410,BOTTM,3,1/10/1997,33,3,2,49,0
10410,BOTTM,3,1/10/1997,59,3,44,16,0
10411,BOTTM,9,1/10/1997,41,3,7.7,25,0.2
10411,BOTTM,9,1/10/1997,44,3,15.5,40,0.2
10411,BOTTM,9,1/10/1997,59,3,44,9,0.2
10412,WARTH,8,1/13/1997,14,2,18.6,20,0.1
10413,LAMAI,3,1/14/1997,1,2,14.4,24,0
10413,LAMAI,3,1/14/1997,62,2,39.4,40,0
10413,LAMAI,3,1/14/1997,76,2,14.4,14,0
10414,FAMIA,2,1/14/1997,19,3,7.3,18,0.05
10414,FAMIA,2,1/14/1997,33,3,2,50,0
10415,HUNGC,3,1/15/1997,17,1,31.2,2,0
10415,HUNGC,3,1/15/1997,33,1,2,20,0
10416,WARTH,8,1/16/1997,19,3,7.3,20,0
10416,WARTH,8,1/16/1997,53,3,26.2,10,0
10416,WARTH,8,1/16/1997,57,3,15.6,20,0
10417,SIMOB,4,1/16/1997,38,3,210.8,50,0
10417,SIMOB,4,1/16/1997,46,3,9.6,2,0.25
10417,SIMOB,4,1/16/1997,68,3,10,36,0.25
10417,SIMOB,4,1/16/1997,77,3,10.4,35,0
10418,QUICK,4,1/17/1997,2,1,15.2,60,0
10418,QUICK,4,1/17/1997,47,1,7.6,55,0
10418,QUICK,4,1/17/1997,61,1,22.8,16,0
10418,QUICK,4,1/17/1997,74,1,8,15,0
10419,RICSU,4,1/20/1997,60,2,27.2,60,0.05
10419,RICSU,4,1/20/1997,69,2,28.8,20,0.05
10420,WELLI,3,1/21/1997,9,1,77.6,20,0.1
10420,WELLI,3,1/21/1997,13,1,4.8,2,0.1
10420,WELLI,3,1/21/1997,70,1,12,8,0.1
10420,WELLI,3,1/21/1997,73,1,12,20,0.1
10421,QUEDE,8,1/21/1997,19,1,7.3,4,0.15
10421,QUEDE,8,1/21/1997,26,1,24.9,30,0
10421,QUEDE,8,1/21/1997,53,1,26.2,15,0.15
10421,QUEDE,8,1/21/1997,77,1,10.4,10,0.15
10422,FRANS,2,1/22/1997,26,1,24.9,2,0
10423,GOURL,6,1/23/1997,31,3,10,14,0
10423,GOURL,6,1/23/1997,59,3,44,20,0
10424,MEREP,7,1/23/1997,35,2,14.4,60,0.2
10424,MEREP,7,1/23/1997,38,2,210.8,49,0.2
10424,MEREP,7,1/23/1997,68,2,10,30,0.2
10425,LAMAI,6,1/24/1997,55,2,19.2,10,0.25
10425,LAMAI,6,1/24/1997,76,2,14.4,20,0.25
10426,GALED,4,1/27/1997,56,1,30.4,5,0
10426,GALED,4,1/27/1997,64,1,26.6,7,0
10427,PICCO,4,1/27/1997,14,2,18.6,35,0
10428,REGGC,7,1/28/1997,46,1,9.6,20,0
10429,HUNGO,3,1/29/1997,50,2,13,40,0
10429,HUNGO,3,1/29/1997,63,2,35.1,35,0.25
10430,ERNSH,4,1/30/1997,17,1,31.2,45,0.2
10430,ERNSH,4,1/30/1997,21,1,8,50,0
10430,ERNSH,4,1/30/1997,56,1,30.4,30,0
10430,ERNSH,4,1/30/1997,59,1,44,70,0.2
10431,BOTTM,4,1/30/1997,17,2,31.2,50,0.25
10431,BOTTM,4,1/30/1997,40,2,14.7,50,0.25
10431,BOTTM,4,1/30/1997,47,2,7.6,30,0.25
10432,SPLIR,3,1/31/1997,26,2,24.9,10,0
10432,SPLIR,3,1/31/1997,54,2,5.9,40,0
10433,PRINI,3,2/3/1997,56,3,30.4,28,0
10434,FOLKO,3,2/3/1997,11,2,16.8,6,0
10434,FOLKO,3,2/3/1997,76,2,14.4,18,0.15
10435,CONSH,8,2/4/1997,2,2,15.2,10,0
10435,CONSH,8,2/4/1997,22,2,16.8,12,0
10435,CONSH,8,2/4/1997,72,2,27.8,10,0
10436,BLONP,3,2/5/1997,46,2,9.6,5,0
10436,BLONP,3,2/5/1997,56,2,30.4,40,0.1
10436,BLONP,3,2/5/1997,64,2,26.6,30,0.1
10436,BLONP,3,2/5/1997,75,2,6.2,24,0.1
10437,WARTH,8,2/5/1997,53,1,26.2,15,0
10438,TOMSP,3,2/6/1997,19,2,7.3,15,0.2
10438,TOMSP,3,2/6/1997,34,2,11.2,20,0.2
10438,TOMSP,3,2/6/1997,57,2,15.6,15,0.2
10439,MEREP,6,2/7/1997,12,3,30.4,15,0
10439,MEREP,6,2/7/1997,16,3,13.9,16,0
10439,MEREP,6,2/7/1997,64,3,26.6,6,0
10439,MEREP,6,2/7/1997,74,3,8,30,0
10440,SAVEA,4,2/10/1997,2,2,15.2,45,0.15
10440,SAVEA,4,2/10/1997,16,2,13.9,49,0.15
10440,SAVEA,4,2/10/1997,29,2,99,24,0.15
10440,SAVEA,4,2/10/1997,61,2,22.8,90,0.15
10441,OLDWO,3,2/10/1997,27,2,35.1,50,0
10442,ERNSH,3,2/11/1997,11,2,16.8,30,0
10442,ERNSH,3,2/11/1997,54,2,5.9,80,0
10442,ERNSH,3,2/11/1997,66,2,13.6,60,0
10443,REGGC,8,2/12/1997,11,1,16.8,6,0.2
10443,REGGC,8,2/12/1997,28,1,36.4,12,0
10444,BERGS,3,2/12/1997,17,3,31.2,10,0
10444,BERGS,3,2/12/1997,26,3,24.9,15,0
10444,BERGS,3,2/12/1997,35,3,14.4,8,0
10444,BERGS,3,2/12/1997,41,3,7.7,30,0
10445,BERGS,3,2/13/1997,39,1,14.4,6,0
10445,BERGS,3,2/13/1997,54,1,5.9,15,0
10446,TOMSP,6,2/14/1997,19,1,7.3,12,0.1
10446,TOMSP,6,2/14/1997,24,1,3.6,20,0.1
10446,TOMSP,6,2/14/1997,31,1,10,3,0.1
10446,TOMSP,6,2/14/1997,52,1,5.6,15,0.1
10447,RICAR,4,2/14/1997,19,2,7.3,40,0
10447,RICAR,4,2/14/1997,65,2,16.8,35,0
10447,RICAR,4,2/14/1997,71,2,17.2,2,0
10448,RANCH,4,2/17/1997,26,2,24.9,6,0
10448,RANCH,4,2/17/1997,40,2,14.7,20,0
10449,BLONP,3,2/18/1997,10,2,24.8,14,0
10449,BLONP,3,2/18/1997,52,2,5.6,20,0
10449,BLONP,3,2/18/1997,62,2,39.4,35,0
10450,VICTE,8,2/19/1997,10,2,24.8,20,0.2
10450,VICTE,8,2/19/1997,54,2,5.9,6,0.2
10451,QUICK,4,2/19/1997,55,3,19.2,120,0.1
10451,QUICK,4,2/19/1997,64,3,26.6,35,0.1
10451,QUICK,4,2/19/1997,65,3,16.8,28,0.1
10451,QUICK,4,2/19/1997,77,3,10.4,55,0.1
10452,SAVEA,8,2/20/1997,28,1,36.4,15,0
10452,SAVEA,8,2/20/1997,44,1,15.5,100,0.05
10453,AROUT,1,2/21/1997,48,2,10.2,15,0.1
10453,AROUT,1,2/21/1997,70,2,12,25,0.1
10454,LAMAI,4,2/21/1997,16,3,13.9,20,0.2
10454,LAMAI,4,2/21/1997,33,3,2,20,0.2
10454,LAMAI,4,2/21/1997,46,3,9.6,10,0.2
10455,WARTH,8,2/24/1997,39,2,14.4,20,0
10455,WARTH,8,2/24/1997,53,2,26.2,50,0
10455,WARTH,8,2/24/1997,61,2,22.8,25,0
10455,WARTH,8,2/24/1997,71,2,17.2,30,0
10456,KOENE,8,2/25/1997,21,2,8,40,0.15
10456,KOENE,8,2/25/1997,49,2,16,21,0.15
10457,KOENE,2,2/25/1997,59,1,44,36,0
10458,SUPRD,7,2/26/1997,26,3,24.9,30,0
10458,SUPRD,7,2/26/1997,28,3,36.4,30,0
10458,SUPRD,7,2/26/1997,43,3,36.8,20,0
10458,SUPRD,7,2/26/1997,56,3,30.4,15,0
10458,SUPRD,7,2/26/1997,71,3,17.2,50,0
10459,VICTE,4,2/27/1997,7,2,24,16,0.05
10459,VICTE,4,2/27/1997,46,2,9.6,20,0.05
10459,VICTE,4,2/27/1997,72,2,27.8,40,0
10460,FOLKO,8,2/28/1997,68,1,10,21,0.25
10460,FOLKO,8,2/28/1997,75,1,6.2,4,0.25
10461,LILAS,1,2/28/1997,21,3,8,40,0.25
10461,LILAS,1,2/28/1997,30,3,20.7,28,0.25
10461,LILAS,1,2/28/1997,55,3,19.2,60,0.25
10462,CONSH,2,3/3/1997,13,1,4.8,1,0
10462,CONSH,2,3/3/1997,23,1,7.2,21,0
10463,SUPRD,5,3/4/1997,19,3,7.3,21,0
10463,SUPRD,5,3/4/1997,42,3,11.2,50,0
10464,FURIB,4,3/4/1997,4,2,17.6,16,0.2
10464,FURIB,4,3/4/1997,43,2,36.8,3,0
10464,FURIB,4,3/4/1997,56,2,30.4,30,0.2
10464,FURIB,4,3/4/1997,60,2,27.2,20,0
10465,VAFFE,1,3/5/1997,24,3,3.6,25,0
10465,VAFFE,1,3/5/1997,29,3,99,18,0.1
10465,VAFFE,1,3/5/1997,40,3,14.7,20,0
10465,VAFFE,1,3/5/1997,45,3,7.6,30,0.1
10465,VAFFE,1,3/5/1997,50,3,13,25,0
10466,COMMI,4,3/6/1997,11,1,16.8,10,0
10466,COMMI,4,3/6/1997,46,1,9.6,5,0
10467,MAGAA,8,3/6/1997,24,2,3.6,28,0
10467,MAGAA,8,3/6/1997,25,2,11.2,12,0
10468,KOENE,3,3/7/1997,30,3,20.7,8,0
10468,KOENE,3,3/7/1997,43,3,36.8,15,0
10469,WHITC,1,3/10/1997,2,1,15.2,40,0.15
10469,WHITC,1,3/10/1997,16,1,13.9,35,0.15
10469,WHITC,1,3/10/1997,44,1,15.5,2,0.15
10470,BONAP,4,3/11/1997,18,2,50,30,0
10470,BONAP,4,3/11/1997,23,2,7.2,15,0
10470,BONAP,4,3/11/1997,64,2,26.6,8,0
10471,BSBEV,2,3/11/1997,7,3,24,30,0
10471,BSBEV,2,3/11/1997,56,3,30.4,20,0
10472,SEVES,8,3/12/1997,24,1,3.6,80,0.05
10472,SEVES,8,3/12/1997,51,1,42.4,18,0
10473,ISLAT,1,3/13/1997,33,3,2,12,0
10473,ISLAT,1,3/13/1997,71,3,17.2,12,0
10474,PERIC,5,3/13/1997,14,2,18.6,12,0
10474,PERIC,5,3/13/1997,28,2,36.4,18,0
10474,PERIC,5,3/13/1997,40,2,14.7,21,0
10474,PERIC,5,3/13/1997,75,2,6.2,10,0
10475,SUPRD,9,3/14/1997,31,1,10,35,0.15
10475,SUPRD,9,3/14/1997,66,1,13.6,60,0.15
10475,SUPRD,9,3/14/1997,76,1,14.4,42,0.15
10476,HILAA,8,3/17/1997,55,3,19.2,2,0.05
10476,HILAA,8,3/17/1997,70,3,12,12,0
10477,PRINI,5,3/17/1997,1,2,14.4,15,0
10477,PRINI,5,3/17/1997,21,2,8,21,0.25
10477,PRINI,5,3/17/1997,39,2,14.4,20,0.25
10478,VICTE,2,3/18/1997,10,3,24.8,20,0.05
10479,RATTC,3,3/19/1997,38,3,210.8,30,0
10479,RATTC,3,3/19/1997,53,3,26.2,28,0
10479,RATTC,3,3/19/1997,59,3,44,60,0
10479,RATTC,3,3/19/1997,64,3,26.6,30,0
10480,FOLIG,6,3/20/1997,47,2,7.6,30,0
10480,FOLIG,6,3/20/1997,59,2,44,12,0
10481,RICAR,8,3/20/1997,49,2,16,24,0
10481,RICAR,8,3/20/1997,60,2,27.2,40,0
10482,LAZYK,1,3/21/1997,40,3,14.7,10,0
10483,WHITC,7,3/24/1997,34,2,11.2,35,0.05
10483,WHITC,7,3/24/1997,77,2,10.4,30,0.05
10484,BSBEV,3,3/24/1997,21,3,8,14,0
10484,BSBEV,3,3/24/1997,40,3,14.7,10,0
10484,BSBEV,3,3/24/1997,51,3,42.4,3,0
10485,LINOD,4,3/25/1997,2,2,15.2,20,0.1
10485,LINOD,4,3/25/1997,3,2,8,20,0.1
10485,LINOD,4,3/25/1997,55,2,19.2,30,0.1
10485,LINOD,4,3/25/1997,70,2,12,60,0.1
10486,HILAA,1,3/26/1997,11,2,16.8,5,0
10486,HILAA,1,3/26/1997,51,2,42.4,25,0
10486,HILAA,1,3/26/1997,74,2,8,16,0
10487,QUEEN,2,3/26/1997,19,2,7.3,5,0
10487,QUEEN,2,3/26/1997,26,2,24.9,30,0
10487,QUEEN,2,3/26/1997,54,2,5.9,24,0.25
10488,FRANK,8,3/27/1997,59,2,44,30,0
10488,FRANK,8,3/27/1997,73,2,12,20,0.2
10489,PICCO,6,3/28/1997,11,2,16.8,15,0.25
10489,PICCO,6,3/28/1997,16,2,13.9,18,0
10490,HILAA,7,3/31/1997,59,2,44,60,0
10490,HILAA,7,3/31/1997,68,2,10,30,0
10490,HILAA,7,3/31/1997,75,2,6.2,36,0
10491,FURIB,8,3/31/1997,44,3,15.5,15,0.15
10491,FURIB,8,3/31/1997,77,3,10.4,7,0.15
10492,BOTTM,3,4/1/1997,25,1,11.2,60,0.05
10492,BOTTM,3,4/1/1997,42,1,11.2,20,0.05
10493,LAMAI,4,4/2/1997,65,3,16.8,15,0.1
10493,LAMAI,4,4/2/1997,66,3,13.6,10,0.1
10493,LAMAI,4,4/2/1997,69,3,28.8,10,0.1
10494,COMMI,4,4/2/1997,56,2,30.4,30,0
10495,LAUGB,3,4/3/1997,23,3,7.2,10,0
10495,LAUGB,3,4/3/1997,41,3,7.7,20,0
10495,LAUGB,3,4/3/1997,77,3,10.4,5,0
10496,TRADH,7,4/4/1997,31,2,10,20,0.05
10497,LEHMS,7,4/4/1997,56,1,30.4,14,0
10497,LEHMS,7,4/4/1997,72,1,27.8,25,0
10497,LEHMS,7,4/4/1997,77,1,10.4,25,0
10498,HILAA,8,4/7/1997,24,2,4.5,14,0
10498,HILAA,8,4/7/1997,40,2,18.4,5,0
10498,HILAA,8,4/7/1997,42,2,14,30,0
10499,LILAS,4,4/8/1997,28,2,45.6,20,0
10499,LILAS,4,4/8/1997,49,2,20,25,0
10500,LAMAI,6,4/9/1997,15,1,15.5,12,0.05
10500,LAMAI,6,4/9/1997,28,1,45.6,8,0.05
10501,BLAUS,9,4/9/1997,54,3,7.45,20,0
10502,PERIC,2,4/10/1997,45,1,9.5,21,0
10502,PERIC,2,4/10/1997,53,1,32.8,6,0
10502,PERIC,2,4/10/1997,67,1,14,30,0
10503,HUNGO,6,4/11/1997,14,2,23.25,70,0
10503,HUNGO,6,4/11/1997,65,2,21.05,20,0
10504,WHITC,4,4/11/1997,2,3,19,12,0
10504,WHITC,4,4/11/1997,21,3,10,12,0
10504,WHITC,4,4/11/1997,53,3,32.8,10,0
10504,WHITC,4,4/11/1997,61,3,28.5,25,0
10505,MEREP,3,4/14/1997,62,3,49.3,3,0
10506,KOENE,9,4/15/1997,25,2,14,18,0.1
10506,KOENE,9,4/15/1997,70,2,15,14,0.1
10507,ANTON,7,4/15/1997,43,1,46,15,0.15
10507,ANTON,7,4/15/1997,48,1,12.75,15,0.15
10508,OTTIK,1,4/16/1997,13,2,6,10,0
10508,OTTIK,1,4/16/1997,39,2,18,10,0
10509,BLAUS,4,4/17/1997,28,1,45.6,3,0
10510,SAVEA,6,4/18/1997,29,3,123.79,36,0
10510,SAVEA,6,4/18/1997,75,3,7.75,36,0.1
10511,BONAP,4,4/18/1997,4,3,22,50,0.15
10511,BONAP,4,4/18/1997,7,3,30,50,0.15
10511,BONAP,4,4/18/1997,8,3,40,10,0.15
10512,FAMIA,7,4/21/1997,24,2,4.5,10,0.15
10512,FAMIA,7,4/21/1997,46,2,12,9,0.15
10512,FAMIA,7,4/21/1997,47,2,9.5,6,0.15
10512,FAMIA,7,4/21/1997,60,2,34,12,0.15
10513,WANDK,7,4/22/1997,21,1,10,40,0.2
10513,WANDK,7,4/22/1997,32,1,32,50,0.2
10513,WANDK,7,4/22/1997,61,1,28.5,15,0.2
10514,ERNSH,3,4/22/1997,20,2,81,39,0
10514,ERNSH,3,4/22/1997,28,2,45.6,35,0
10514,ERNSH,3,4/22/1997,56,2,38,70,0
10514,ERNSH,3,4/22/1997,65,2,21.05,39,0
10514,ERNSH,3,4/22/1997,75,2,7.75,50,0
10515,QUICK,2,4/23/1997,9,1,97,16,0.15
10515,QUICK,2,4/23/1997,16,1,17.45,50,0
10515,QUICK,2,4/23/1997,27,1,43.9,120,0
10515,QUICK,2,4/23/1997,33,1,2.5,16,0.15
10515,QUICK,2,4/23/1997,60,1,34,84,0.15
10516,HUNGO,2,4/24/1997,18,3,62.5,25,0.1
10516,HUNGO,2,4/24/1997,41,3,9.65,80,0.1
10516,HUNGO,2,4/24/1997,42,3,14,20,0
10517,NORTS,3,4/24/1997,52,3,7,6,0
10517,NORTS,3,4/24/1997,59,3,55,4,0
10517,NORTS,3,4/24/1997,70,3,15,6,0
10518,TORTU,4,4/25/1997,24,2,4.5,5,0
10518,TORTU,4,4/25/1997,38,2,263.5,15,0
10518,TORTU,4,4/25/1997,44,2,19.45,9,0
10519,CHOPS,6,4/28/1997,10,3,31,16,0.05
10519,CHOPS,6,4/28/1997,56,3,38,40,0
10519,CHOPS,6,4/28/1997,60,3,34,10,0.05
10520,SANTG,7,4/29/1997,24,1,4.5,8,0
10520,SANTG,7,4/29/1997,53,1,32.8,5,0
10521,CACTU,8,4/29/1997,35,2,18,3,0
10521,CACTU,8,4/29/1997,41,2,9.65,10,0
10521,CACTU,8,4/29/1997,68,2,12.5,6,0
10522,LEHMS,4,4/30/1997,1,1,18,40,0.2
10522,LEHMS,4,4/30/1997,8,1,40,24,0
10522,LEHMS,4,4/30/1997,30,1,25.89,20,0.2
10522,LEHMS,4,4/30/1997,40,1,18.4,25,0.2
10523,SEVES,7,5/1/1997,17,2,39,25,0.1
10523,SEVES,7,5/1/1997,20,2,81,15,0.1
10523,SEVES,7,5/1/1997,37,2,26,18,0.1
10523,SEVES,7,5/1/1997,41,2,9.65,6,0.1
10524,BERGS,1,5/1/1997,10,2,31,2,0
10524,BERGS,1,5/1/1997,30,2,25.89,10,0
10524,BERGS,1,5/1/1997,43,2,46,60,0
10524,BERGS,1,5/1/1997,54,2,7.45,15,0
10525,BONAP,1,5/2/1997,36,2,19,30,0
10525,BONAP,1,5/2/1997,40,2,18.4,15,0.1
10526,WARTH,4,5/5/1997,1,2,18,8,0.15
10526,WARTH,4,5/5/1997,13,2,6,10,0
10526,WARTH,4,5/5/1997,56,2,38,30,0.15
10527,QUICK,7,5/5/1997,4,1,22,50,0.1
10527,QUICK,7,5/5/1997,36,1,19,30,0.1
10528,GREAL,6,5/6/1997,11,2,21,3,0
10528,GREAL,6,5/6/1997,33,2,2.5,8,0.2
10528,GREAL,6,5/6/1997,72,2,34.8,9,0
10529,MAISD,5,5/7/1997,55,2,24,14,0
10529,MAISD,5,5/7/1997,68,2,12.5,20,0
10529,MAISD,5,5/7/1997,69,2,36,10,0
10530,PICCO,3,5/8/1997,17,2,39,40,0
10530,PICCO,3,5/8/1997,43,2,46,25,0
10530,PICCO,3,5/8/1997,61,2,28.5,20,0
10530,PICCO,3,5/8/1997,76,2,18,50,0
10531,OCEAN,7,5/8/1997,59,1,55,2,0
10532,EASTC,7,5/9/1997,30,3,25.89,15,0
10532,EASTC,7,5/9/1997,66,3,17,24,0
10533,FOLKO,8,5/12/1997,4,1,22,50,0.05
10533,FOLKO,8,5/12/1997,72,1,34.8,24,0
10533,FOLKO,8,5/12/1997,73,1,15,24,0.05
10534,LEHMS,8,5/12/1997,30,2,25.89,10,0
10534,LEHMS,8,5/12/1997,40,2,18.4,10,0.2
10534,LEHMS,8,5/12/1997,54,2,7.45,10,0.2
10535,ANTON,4,5/13/1997,11,1,21,50,0.1
10535,ANTON,4,5/13/1997,40,1,18.4,10,0.1
10535,ANTON,4,5/13/1997,57,1,19.5,5,0.1
10535,ANTON,4,5/13/1997,59,1,55,15,0.1
10536,LEHMS,3,5/14/1997,12,2,38,15,0.25
10536,LEHMS,3,5/14/1997,31,2,12.5,20,0
10536,LEHMS,3,5/14/1997,33,2,2.5,30,0
10536,LEHMS,3,5/14/1997,60,2,34,35,0.25
10537,RICSU,1,5/14/1997,31,1,12.5,30,0
10537,RICSU,1,5/14/1997,51,1,53,6,0
10537,RICSU,1,5/14/1997,58,1,13.25,20,0
10537,RICSU,1,5/14/1997,72,1,34.8,21,0
10537,RICSU,1,5/14/1997,73,1,15,9,0
10538,BSBEV,9,5/15/1997,70,3,15,7,0
10538,BSBEV,9,5/15/1997,72,3,34.8,1,0
10539,BSBEV,6,5/16/1997,13,3,6,8,0
10539,BSBEV,6,5/16/1997,21,3,10,15,0
10539,BSBEV,6,5/16/1997,33,3,2.5,15,0
10539,BSBEV,6,5/16/1997,49,3,20,6,0
10540,QUICK,3,5/19/1997,3,3,10,60,0
10540,QUICK,3,5/19/1997,26,3,31.23,40,0
10540,QUICK,3,5/19/1997,38,3,263.5,30,0
10540,QUICK,3,5/19/1997,68,3,12.5,35,0
10541,HANAR,2,5/19/1997,24,1,4.5,35,0.1
10541,HANAR,2,5/19/1997,38,1,263.5,4,0.1
10541,HANAR,2,5/19/1997,65,1,21.05,36,0.1
10541,HANAR,2,5/19/1997,71,1,21.5,9,0.1
10542,KOENE,1,5/20/1997,11,3,21,15,0.05
10542,KOENE,1,5/20/1997,54,3,7.45,24,0.05
10543,LILAS,8,5/21/1997,12,2,38,30,0.15
10543,LILAS,8,5/21/1997,23,2,9,70,0.15
10544,LONEP,4,5/21/1997,28,1,45.6,7,0
10544,LONEP,4,5/21/1997,67,1,14,7,0
10545,LAZYK,8,5/22/1997,11,2,21,10,0
10546,VICTE,1,5/23/1997,7,3,30,10,0
10546,VICTE,1,5/23/1997,35,3,18,30,0
10546,VICTE,1,5/23/1997,62,3,49.3,40,0
10547,SEVES,3,5/23/1997,32,2,32,24,0.15
10547,SEVES,3,5/23/1997,36,2,19,60,0
10548,TOMSP,3,5/26/1997,34,2,14,10,0.25
10548,TOMSP,3,5/26/1997,41,2,9.65,14,0
10549,QUICK,5,5/27/1997,31,1,12.5,55,0.15
10549,QUICK,5,5/27/1997,45,1,9.5,100,0.15
10549,QUICK,5,5/27/1997,51,1,53,48,0.15
10550,GODOS,7,5/28/1997,17,3,39,8,0.1
10550,GODOS,7,5/28/1997,19,3,9.2,10,0
10550,GODOS,7,5/28/1997,21,3,10,6,0.1
10550,GODOS,7,5/28/1997,61,3,28.5,10,0.1
10551,FURIB,4,5/28/1997,16,3,17.45,40,0.15
10551,FURIB,4,5/28/1997,35,3,18,20,0.15
10551,FURIB,4,5/28/1997,44,3,19.45,40,0
10552,HILAA,2,5/29/1997,69,1,36,18,0
10552,HILAA,2,5/29/1997,75,1,7.75,30,0
10553,WARTH,2,5/30/1997,11,2,21,15,0
10553,WARTH,2,5/30/1997,16,2,17.45,14,0
10553,WARTH,2,5/30/1997,22,2,21,24,0
10553,WARTH,2,5/30/1997,31,2,12.5,30,0
10553,WARTH,2,5/30/1997,35,2,18,6,0
10554,OTTIK,4,5/30/1997,16,3,17.45,30,0.05
10554,OTTIK,4,5/30/1997,23,3,9,20,0.05
10554,OTTIK,4,5/30/1997,62,3,49.3,20,0.05
10554,OTTIK,4,5/30/1997,77,3,13,10,0.05
10555,SAVEA,6,6/2/1997,14,3,23.25,30,0.2
10555,SAVEA,6,6/2/1997,19,3,9.2,35,0.2
10555,SAVEA,6,6/2/1997,24,3,4.5,18,0.2
10555,SAVEA,6,6/2/1997,51,3,53,20,0.2
10555,SAVEA,6,6/2/1997,56,3,38,40,0.2
10556,SIMOB,2,6/3/1997,72,1,34.8,24,0
10557,LEHMS,9,6/3/1997,64,2,33.25,30,0
10557,LEHMS,9,6/3/1997,75,2,7.75,20,0
10558,AROUT,1,6/4/1997,47,2,9.5,25,0
10558,AROUT,1,6/4/1997,51,2,53,20,0
10558,AROUT,1,6/4/1997,52,2,7,30,0
10558,AROUT,1,6/4/1997,53,2,32.8,18,0
10558,AROUT,1,6/4/1997,73,2,15,3,0
10559,BLONP,6,6/5/1997,41,1,9.65,12,0.05
10559,BLONP,6,6/5/1997,55,1,24,18,0.05
10560,FRANK,8,6/6/1997,30,1,25.89,20,0
10560,FRANK,8,6/6/1997,62,1,49.3,15,0.25
10561,FOLKO,2,6/6/1997,44,2,19.45,10,0
10561,FOLKO,2,6/6/1997,51,2,53,50,0
10562,REGGC,1,6/9/1997,33,1,2.5,20,0.1
10562,REGGC,1,6/9/1997,62,1,49.3,10,0.1
10563,RICAR,2,6/10/1997,36,2,19,25,0
10563,RICAR,2,6/10/1997,52,2,7,70,0
10564,RATTC,4,6/10/1997,17,3,39,16,0.05
10564,RATTC,4,6/10/1997,31,3,12.5,6,0.05
10564,RATTC,4,6/10/1997,55,3,24,25,0.05
10565,MEREP,8,6/11/1997,24,2,4.5,25,0.1
10565,MEREP,8,6/11/1997,64,2,33.25,18,0.1
10566,BLONP,9,6/12/1997,11,1,21,35,0.15
10566,BLONP,9,6/12/1997,18,1,62.5,18,0.15
10566,BLONP,9,6/12/1997,76,1,18,10,0
10567,HUNGO,1,6/12/1997,31,1,12.5,60,0.2
10567,HUNGO,1,6/12/1997,51,1,53,3,0
10567,HUNGO,1,6/12/1997,59,1,55,40,0.2
10568,GALED,3,6/13/1997,10,3,31,5,0
10569,RATTC,5,6/16/1997,31,1,12.5,35,0.2
10569,RATTC,5,6/16/1997,76,1,18,30,0
10570,MEREP,3,6/17/1997,11,3,21,15,0.05
10570,MEREP,3,6/17/1997,56,3,38,60,0.05
10571,ERNSH,8,6/17/1997,14,3,23.25,11,0.15
10571,ERNSH,8,6/17/1997,42,3,14,28,0.15
10572,BERGS,3,6/18/1997,16,2,17.45,12,0.1
10572,BERGS,3,6/18/1997,32,2,32,10,0.1
10572,BERGS,3,6/18/1997,40,2,18.4,50,0
10572,BERGS,3,6/18/1997,75,2,7.75,15,0.1
10573,ANTON,7,6/19/1997,17,3,39,18,0
10573,ANTON,7,6/19/1997,34,3,14,40,0
10573,ANTON,7,6/19/1997,53,3,32.8,25,0
10574,TRAIH,4,6/19/1997,33,2,2.5,14,0
10574,TRAIH,4,6/19/1997,40,2,18.4,2,0
10574,TRAIH,4,6/19/1997,62,2,49.3,10,0
10574,TRAIH,4,6/19/1997,64,2,33.25,6,0
10575,MORGK,5,6/20/1997,59,1,55,12,0
10575,MORGK,5,6/20/1997,63,1,43.9,6,0
10575,MORGK,5,6/20/1997,72,1,34.8,30,0
10575,MORGK,5,6/20/1997,76,1,18,10,0
10576,TORTU,3,6/23/1997,1,3,18,10,0
10576,TORTU,3,6/23/1997,31,3,12.5,20,0
10576,TORTU,3,6/23/1997,44,3,19.45,21,0
10577,TRAIH,9,6/23/1997,39,2,18,10,0
10577,TRAIH,9,6/23/1997,75,2,7.75,20,0
10577,TRAIH,9,6/23/1997,77,2,13,18,0
10578,BSBEV,4,6/24/1997,35,3,18,20,0
10578,BSBEV,4,6/24/1997,57,3,19.5,6,0
10579,LETSS,1,6/25/1997,15,2,15.5,10,0
10579,LETSS,1,6/25/1997,75,2,7.75,21,0
10580,OTTIK,4,6/26/1997,14,3,23.25,15,0.05
10580,OTTIK,4,6/26/1997,41,3,9.65,9,0.05
10580,OTTIK,4,6/26/1997,65,3,21.05,30,0.05
10581,FAMIA,3,6/26/1997,75,1,7.75,50,0.2
10582,BLAUS,3,6/27/1997,57,2,19.5,4,0
10582,BLAUS,3,6/27/1997,76,2,18,14,0
10583,WARTH,2,6/30/1997,29,2,123.79,10,0
10583,WARTH,2,6/30/1997,60,2,34,24,0.15
10583,WARTH,2,6/30/1997,69,2,36,10,0.15
10584,BLONP,4,6/30/1997,31,1,12.5,50,0.05
10585,WELLI,7,7/1/1997,47,1,9.5,15,0
10586,REGGC,9,7/2/1997,52,1,7,4,0.15
10587,QUEDE,1,7/2/1997,26,1,31.23,6,0
10587,QUEDE,1,7/2/1997,35,1,18,20,0
10587,QUEDE,1,7/2/1997,77,1,13,20,0
10588,QUICK,2,7/3/1997,18,3,62.5,40,0.2
10588,QUICK,2,7/3/1997,42,3,14,100,0.2
10589,GREAL,8,7/4/1997,35,2,18,4,0
10590,MEREP,4,7/7/1997,1,3,18,20,0
10590,MEREP,4,7/7/1997,77,3,13,60,0.05
10591,VAFFE,1,7/7/1997,3,1,10,14,0
10591,VAFFE,1,7/7/1997,7,1,30,10,0
10591,VAFFE,1,7/7/1997,54,1,7.45,50,0
10592,LEHMS,3,7/8/1997,15,1,15.5,25,0.05
10592,LEHMS,3,7/8/1997,26,1,31.23,5,0.05
10593,LEHMS,7,7/9/1997,20,2,81,21,0.2
10593,LEHMS,7,7/9/1997,69,2,36,20,0.2
10593,LEHMS,7,7/9/1997,76,2,18,4,0.2
10594,OLDWO,3,7/9/1997,52,2,7,24,0
10594,OLDWO,3,7/9/1997,58,2,13.25,30,0
10595,ERNSH,2,7/10/1997,35,1,18,30,0.25
10595,ERNSH,2,7/10/1997,61,1,28.5,120,0.25
10595,ERNSH,2,7/10/1997,69,1,36,65,0.25
10596,WHITC,8,7/11/1997,56,1,38,5,0.2
10596,WHITC,8,7/11/1997,63,1,43.9,24,0.2
10596,WHITC,8,7/11/1997,75,1,7.75,30,0.2
10597,PICCO,7,7/11/1997,24,3,4.5,35,0.2
10597,PICCO,7,7/11/1997,57,3,19.5,20,0
10597,PICCO,7,7/11/1997,65,3,21.05,12,0.2
10598,RATTC,1,7/14/1997,27,3,43.9,50,0
10598,RATTC,1,7/14/1997,71,3,21.5,9,0
10599,BSBEV,6,7/15/1997,62,3,49.3,10,0
10600,HUNGC,4,7/16/1997,54,1,7.45,4,0
10600,HUNGC,4,7/16/1997,73,1,15,30,0
10601,HILAA,7,7/16/1997,13,1,6,60,0
10601,HILAA,7,7/16/1997,59,1,55,35,0
10602,VAFFE,8,7/17/1997,77,2,13,5,0.25
10603,SAVEA,8,7/18/1997,22,2,21,48,0
10603,SAVEA,8,7/18/1997,49,2,20,25,0.05
10604,FURIB,1,7/18/1997,48,1,12.75,6,0.1
10604,FURIB,1,7/18/1997,76,1,18,10,0.1
10605,MEREP,1,7/21/1997,16,2,17.45,30,0.05
10605,MEREP,1,7/21/1997,59,2,55,20,0.05
10605,MEREP,1,7/21/1997,60,2,34,70,0.05
10605,MEREP,1,7/21/1997,71,2,21.5,15,0.05
10606,TRADH,4,7/22/1997,4,3,22,20,0.2
10606,TRADH,4,7/22/1997,55,3,24,20,0.2
10606,TRADH,4,7/22/1997,62,3,49.3,10,0.2
10607,SAVEA,5,7/22/1997,7,1,30,45,0
10607,SAVEA,5,7/22/1997,17,1,39,100,0
10607,SAVEA,5,7/22/1997,33,1,2.5,14,0
10607,SAVEA,5,7/22/1997,40,1,18.4,42,0
10607,SAVEA,5,7/22/1997,72,1,34.8,12,0
10608,TOMSP,4,7/23/1997,56,2,38,28,0
10609,DUMON,7,7/24/1997,1,2,18,3,0
10609,DUMON,7,7/24/1997,10,2,31,10,0
10609,DUMON,7,7/24/1997,21,2,10,6,0
10610,LAMAI,8,7/25/1997,36,1,19,21,0.25
10611,WOLZA,6,7/25/1997,1,2,18,6,0
10611,WOLZA,6,7/25/1997,2,2,19,10,0
10611,WOLZA,6,7/25/1997,60,2,34,15,0
10612,SAVEA,1,7/28/1997,10,2,31,70,0
10612,SAVEA,1,7/28/1997,36,2,19,55,0
10612,SAVEA,1,7/28/1997,49,2,20,18,0
10612,SAVEA,1,7/28/1997,60,2,34,40,0
10612,SAVEA,1,7/28/1997,76,2,18,80,0
10613,HILAA,4,7/29/1997,13,2,6,8,0.1
10613,HILAA,4,7/29/1997,75,2,7.75,40,0
10614,BLAUS,8,7/29/1997,11,3,21,14,0
10614,BLAUS,8,7/29/1997,21,3,10,8,0
10614,BLAUS,8,7/29/1997,39,3,18,5,0
10615,WILMK,2,7/30/1997,55,3,24,5,0
10616,GREAL,1,7/31/1997,38,2,263.5,15,0.05
10616,GREAL,1,7/31/1997,56,2,38,14,0
10616,GREAL,1,7/31/1997,70,2,15,15,0.05
10616,GREAL,1,7/31/1997,71,2,21.5,15,0.05
10617,GREAL,4,7/31/1997,59,2,55,30,0.15
10618,MEREP,1,8/1/1997,6,1,25,70,0
10618,MEREP,1,8/1/1997,56,1,38,20,0
10618,MEREP,1,8/1/1997,68,1,12.5,15,0
10619,MEREP,3,8/4/1997,21,3,10,42,0
10619,MEREP,3,8/4/1997,22,3,21,40,0
10620,LAUGB,2,8/5/1997,24,3,4.5,5,0
10620,LAUGB,2,8/5/1997,52,3,7,5,0
10621,ISLAT,4,8/5/1997,19,2,9.2,5,0
10621,ISLAT,4,8/5/1997,23,2,9,10,0
10621,ISLAT,4,8/5/1997,70,2,15,20,0
10621,ISLAT,4,8/5/1997,71,2,21.5,15,0
10622,RICAR,4,8/6/1997,2,3,19,20,0
10622,RICAR,4,8/6/1997,68,3,12.5,18,0.2
10623,FRANK,8,8/7/1997,14,2,23.25,21,0
10623,FRANK,8,8/7/1997,19,2,9.2,15,0.1
10623,FRANK,8,8/7/1997,21,2,10,25,0.1
10623,FRANK,8,8/7/1997,24,2,4.5,3,0
10623,FRANK,8,8/7/1997,35,2,18,30,0.1
10624,THECR,4,8/7/1997,28,2,45.6,10,0
10624,THECR,4,8/7/1997,29,2,123.79,6,0
10624,THECR,4,8/7/1997,44,2,19.45,10,0
10625,ANATR,3,8/8/1997,14,1,23.25,3,0
10625,ANATR,3,8/8/1997,42,1,14,5,0
10625,ANATR,3,8/8/1997,60,1,34,10,0
10626,BERGS,1,8/11/1997,53,2,32.8,12,0
10626,BERGS,1,8/11/1997,60,2,34,20,0
10626,BERGS,1,8/11/1997,71,2,21.5,20,0
10627,SAVEA,8,8/11/1997,62,3,49.3,15,0
10627,SAVEA,8,8/11/1997,73,3,15,35,0.15
10628,BLONP,4,8/12/1997,1,3,18,25,0
10629,GODOS,4,8/12/1997,29,3,123.79,20,0
10629,GODOS,4,8/12/1997,64,3,33.25,9,0
10630,KOENE,1,8/13/1997,55,2,24,12,0.05
10630,KOENE,1,8/13/1997,76,2,18,35,0
10631,LAMAI,8,8/14/1997,75,1,7.75,8,0.1
10632,WANDK,8,8/14/1997,2,1,19,30,0.05
10632,WANDK,8,8/14/1997,33,1,2.5,20,0.05
10633,ERNSH,7,8/15/1997,12,3,38,36,0.15
10633,ERNSH,7,8/15/1997,13,3,6,13,0.15
10633,ERNSH,7,8/15/1997,26,3,31.23,35,0.15
10633,ERNSH,7,8/15/1997,62,3,49.3,80,0.15
10634,FOLIG,4,8/15/1997,7,3,30,35,0
10634,FOLIG,4,8/15/1997,18,3,62.5,50,0
10634,FOLIG,4,8/15/1997,51,3,53,15,0
10634,FOLIG,4,8/15/1997,75,3,7.75,2,0
10635,MAGAA,8,8/18/1997,4,3,22,10,0.1
10635,MAGAA,8,8/18/1997,5,3,21.35,15,0.1
10635,MAGAA,8,8/18/1997,22,3,21,40,0
10636,WARTH,4,8/19/1997,4,1,22,25,0
10636,WARTH,4,8/19/1997,58,1,13.25,6,0
10637,QUEEN,6,8/19/1997,11,1,21,10,0
10637,QUEEN,6,8/19/1997,50,1,16.25,25,0.05
10637,QUEEN,6,8/19/1997,56,1,38,60,0.05
10638,LINOD,3,8/20/1997,45,1,9.5,20,0
10638,LINOD,3,8/20/1997,65,1,21.05,21,0
10638,LINOD,3,8/20/1997,72,1,34.8,60,0
10639,SANTG,7,8/20/1997,18,3,62.5,8,0
10640,WANDK,4,8/21/1997,69,1,36,20,0.25
10640,WANDK,4,8/21/1997,70,1,15,15,0.25
10641,HILAA,4,8/22/1997,2,2,19,50,0
10641,HILAA,4,8/22/1997,40,2,18.4,60,0
10642,SIMOB,7,8/22/1997,21,3,10,30,0.2
10642,SIMOB,7,8/22/1997,61,3,28.5,20,0.2
10643,ALFKI,6,8/25/1997,28,1,45.6,15,0.25
10643,ALFKI,6,8/25/1997,39,1,18,21,0.25
10643,ALFKI,6,8/25/1997,46,1,12,2,0.25
10644,WELLI,3,8/25/1997,18,2,62.5,4,0.1
10644,WELLI,3,8/25/1997,43,2,46,20,0
10644,WELLI,3,8/25/1997,46,2,12,21,0.1
10645,HANAR,4,8/26/1997,18,1,62.5,20,0
10645,HANAR,4,8/26/1997,36,1,19,15,0
10646,HUNGO,9,8/27/1997,1,3,18,15,0.25
10646,HUNGO,9,8/27/1997,10,3,31,18,0.25
10646,HUNGO,9,8/27/1997,71,3,21.5,30,0.25
10646,HUNGO,9,8/27/1997,77,3,13,35,0.25
10647,QUEDE,4,8/27/1997,19,2,9.2,30,0
10647,QUEDE,4,8/27/1997,39,2,18,20,0
10648,RICAR,5,8/28/1997,22,2,21,15,0
10648,RICAR,5,8/28/1997,24,2,4.5,15,0.15
10649,MAISD,5,8/28/1997,28,3,45.6,20,0
10649,MAISD,5,8/28/1997,72,3,34.8,15,0
10650,FAMIA,5,8/29/1997,30,3,25.89,30,0
10650,FAMIA,5,8/29/1997,53,3,32.8,25,0.05
10650,FAMIA,5,8/29/1997,54,3,7.45,30,0
10651,WANDK,8,9/1/1997,19,2,9.2,12,0.25
10651,WANDK,8,9/1/1997,22,2,21,20,0.25
10652,GOURL,4,9/1/1997,30,2,25.89,2,0.25
10652,GOURL,4,9/1/1997,42,2,14,20,0
10653,FRANK,1,9/2/1997,16,1,17.45,30,0.1
10653,FRANK,1,9/2/1997,60,1,34,20,0.1
10654,BERGS,5,9/2/1997,4,1,22,12,0.1
10654,BERGS,5,9/2/1997,39,1,18,20,0.1
10654,BERGS,5,9/2/1997,54,1,7.45,6,0.1
10655,REGGC,1,9/3/1997,41,2,9.65,20,0.2
10656,GREAL,6,9/4/1997,14,1,23.25,3,0.1
10656,GREAL,6,9/4/1997,44,1,19.45,28,0.1
10656,GREAL,6,9/4/1997,47,1,9.5,6,0.1
10657,SAVEA,2,9/4/1997,15,2,15.5,50,0
10657,SAVEA,2,9/4/1997,41,2,9.65,24,0
10657,SAVEA,2,9/4/1997,46,2,12,45,0
10657,SAVEA,2,9/4/1997,47,2,9.5,10,0
10657,SAVEA,2,9/4/1997,56,2,38,45,0
10657,SAVEA,2,9/4/1997,60,2,34,30,0
10658,QUICK,4,9/5/1997,21,1,10,60,0
10658,QUICK,4,9/5/1997,40,1,18.4,70,0.05
10658,QUICK,4,9/5/1997,60,1,34,55,0.05
10658,QUICK,4,9/5/1997,77,1,13,70,0.05
10659,QUEEN,7,9/5/1997,31,2,12.5,20,0.05
10659,QUEEN,7,9/5/1997,40,2,18.4,24,0.05
10659,QUEEN,7,9/5/1997,70,2,15,40,0.05
10660,HUNGC,8,9/8/1997,20,1,81,21,0
10661,HUNGO,7,9/9/1997,39,3,18,3,0.2
10661,HUNGO,7,9/9/1997,58,3,13.25,49,0.2
10662,LONEP,3,9/9/1997,68,2,12.5,10,0
10663,BONAP,2,9/10/1997,40,2,18.4,30,0.05
10663,BONAP,2,9/10/1997,42,2,14,30,0.05
10663,BONAP,2,9/10/1997,51,2,53,20,0.05
10664,FURIB,1,9/10/1997,10,3,31,24,0.15
10664,FURIB,1,9/10/1997,56,3,38,12,0.15
10664,FURIB,1,9/10/1997,65,3,21.05,15,0.15
10665,LONEP,1,9/11/1997,51,2,53,20,0
10665,LONEP,1,9/11/1997,59,2,55,1,0
10665,LONEP,1,9/11/1997,76,2,18,10,0
10666,RICSU,7,9/12/1997,29,2,123.79,36,0
10666,RICSU,7,9/12/1997,65,2,21.05,10,0
10667,ERNSH,7,9/12/1997,69,1,36,45,0.2
10667,ERNSH,7,9/12/1997,71,1,21.5,14,0.2
10668,WANDK,1,9/15/1997,31,2,12.5,8,0.1
10668,WANDK,1,9/15/1997,55,2,24,4,0.1
10668,WANDK,1,9/15/1997,64,2,33.25,15,0.1
10669,SIMOB,2,9/15/1997,36,1,19,30,0
10670,FRANK,4,9/16/1997,23,1,9,32,0
10670,FRANK,4,9/16/1997,46,1,12,60,0
10670,FRANK,4,9/16/1997,67,1,14,25,0
10670,FRANK,4,9/16/1997,73,1,15,50,0
10670,FRANK,4,9/16/1997,75,1,7.75,25,0
10671,FRANR,1,9/17/1997,16,1,17.45,10,0
10671,FRANR,1,9/17/1997,62,1,49.3,10,0
10671,FRANR,1,9/17/1997,65,1,21.05,12,0
10672,BERGS,9,9/17/1997,38,2,263.5,15,0.1
10672,BERGS,9,9/17/1997,71,2,21.5,12,0
10673,WILMK,2,9/18/1997,16,1,17.45,3,0
10673,WILMK,2,9/18/1997,42,1,14,6,0
10673,WILMK,2,9/18/1997,43,1,46,6,0
10674,ISLAT,4,9/18/1997,23,2,9,5,0
10675,FRANK,5,9/19/1997,14,2,23.25,30,0
10675,FRANK,5,9/19/1997,53,2,32.8,10,0
10675,FRANK,5,9/19/1997,58,2,13.25,30,0
10676,TORTU,2,9/22/1997,10,2,31,2,0
10676,TORTU,2,9/22/1997,19,2,9.2,7,0
10676,TORTU,2,9/22/1997,44,2,19.45,21,0
10677,ANTON,1,9/22/1997,26,3,31.23,30,0.15
10677,ANTON,1,9/22/1997,33,3,2.5,8,0.15
10678,SAVEA,7,9/23/1997,12,3,38,100,0
10678,SAVEA,7,9/23/1997,33,3,2.5,30,0
10678,SAVEA,7,9/23/1997,41,3,9.65,120,0
10678,SAVEA,7,9/23/1997,54,3,7.45,30,0
10679,BLONP,8,9/23/1997,59,3,55,12,0
10680,OLDWO,1,9/24/1997,16,1,17.45,50,0.25
10680,OLDWO,1,9/24/1997,31,1,12.5,20,0.25
10680,OLDWO,1,9/24/1997,42,1,14,40,0.25
10681,GREAL,3,9/25/1997,19,3,9.2,30,0.1
10681,GREAL,3,9/25/1997,21,3,10,12,0.1
10681,GREAL,3,9/25/1997,64,3,33.25,28,0
10682,ANTON,3,9/25/1997,33,2,2.5,30,0
10682,ANTON,3,9/25/1997,66,2,17,4,0
10682,ANTON,3,9/25/1997,75,2,7.75,30,0
10683,DUMON,2,9/26/1997,52,1,7,9,0
10684,OTTIK,3,9/26/1997,40,1,18.4,20,0
10684,OTTIK,3,9/26/1997,47,1,9.5,40,0
10684,OTTIK,3,9/26/1997,60,1,34,30,0
10685,GOURL,4,9/29/1997,10,2,31,20,0
10685,GOURL,4,9/29/1997,41,2,9.65,4,0
10685,GOURL,4,9/29/1997,47,2,9.5,15,0
10686,PICCO,2,9/30/1997,17,1,39,30,0.2
10686,PICCO,2,9/30/1997,26,1,31.23,15,0
10687,HUNGO,9,9/30/1997,9,2,97,50,0.25
10687,HUNGO,9,9/30/1997,29,2,123.79,10,0
10687,HUNGO,9,9/30/1997,36,2,19,6,0.25
10688,VAFFE,4,10/1/1997,10,2,31,18,0.1
10688,VAFFE,4,10/1/1997,28,2,45.6,60,0.1
10688,VAFFE,4,10/1/1997,34,2,14,14,0
10689,BERGS,1,10/1/1997,1,2,18,35,0.25
10690,HANAR,1,10/2/1997,56,1,38,20,0.25
10690,HANAR,1,10/2/1997,77,1,13,30,0.25
10691,QUICK,2,10/3/1997,1,2,18,30,0
10691,QUICK,2,10/3/1997,29,2,123.79,40,0
10691,QUICK,2,10/3/1997,43,2,46,40,0
10691,QUICK,2,10/3/1997,44,2,19.45,24,0
10691,QUICK,2,10/3/1997,62,2,49.3,48,0
10692,ALFKI,4,10/3/1997,63,2,43.9,20,0
10693,WHITC,3,10/6/1997,9,3,97,6,0
10693,WHITC,3,10/6/1997,54,3,7.45,60,0.15
10693,WHITC,3,10/6/1997,69,3,36,30,0.15
10693,WHITC,3,10/6/1997,73,3,15,15,0.15
10694,QUICK,8,10/6/1997,7,3,30,90,0
10694,QUICK,8,10/6/1997,59,3,55,25,0
10694,QUICK,8,10/6/1997,70,3,15,50,0
10695,WILMK,7,10/7/1997,8,1,40,10,0
10695,WILMK,7,10/7/1997,12,1,38,4,0
10695,WILMK,7,10/7/1997,24,1,4.5,20,0
10696,WHITC,8,10/8/1997,17,3,39,20,0
10696,WHITC,8,10/8/1997,46,3,12,18,0
10697,LINOD,3,10/8/1997,19,1,9.2,7,0.25
10697,LINOD,3,10/8/1997,35,1,18,9,0.25
10697,LINOD,3,10/8/1997,58,1,13.25,30,0.25
10697,LINOD,3,10/8/1997,70,1,15,30,0.25
10698,ERNSH,4,10/9/1997,11,1,21,15,0
10698,ERNSH,4,10/9/1997,17,1,39,8,0.05
10698,ERNSH,4,10/9/1997,29,1,123.79,12,0.05
10698,ERNSH,4,10/9/1997,65,1,21.05,65,0.05
10698,ERNSH,4,10/9/1997,70,1,15,8,0.05
10699,MORGK,3,10/9/1997,47,3,9.5,12,0
10700,SAVEA,3,10/10/1997,1,1,18,5,0.2
10700,SAVEA,3,10/10/1997,34,1,14,12,0.2
10700,SAVEA,3,10/10/1997,68,1,12.5,40,0.2
10700,SAVEA,3,10/10/1997,71,1,21.5,60,0.2
10701,HUNGO,6,10/13/1997,59,3,55,42,0.15
10701,HUNGO,6,10/13/1997,71,3,21.5,20,0.15
10701,HUNGO,6,10/13/1997,76,3,18,35,0.15
10702,ALFKI,4,10/13/1997,3,1,10,6,0
10702,ALFKI,4,10/13/1997,76,1,18,15,0
10703,FOLKO,6,10/14/1997,2,2,19,5,0
10703,FOLKO,6,10/14/1997,59,2,55,35,0
10703,FOLKO,6,10/14/1997,73,2,15,35,0
10704,QUEEN,6,10/14/1997,4,1,22,6,0
10704,QUEEN,6,10/14/1997,24,1,4.5,35,0
10704,QUEEN,6,10/14/1997,48,1,12.75,24,0
10705,HILAA,9,10/15/1997,31,2,12.5,20,0
10705,HILAA,9,10/15/1997,32,2,32,4,0
10706,OLDWO,8,10/16/1997,16,3,17.45,20,0
10706,OLDWO,8,10/16/1997,43,3,46,24,0
10706,OLDWO,8,10/16/1997,59,3,55,8,0
10707,AROUT,4,10/16/1997,55,3,24,21,0
10707,AROUT,4,10/16/1997,57,3,19.5,40,0
10707,AROUT,4,10/16/1997,70,3,15,28,0.15
10708,THEBI,6,10/17/1997,5,2,21.35,4,0
10708,THEBI,6,10/17/1997,36,2,19,5,0
10709,GOURL,1,10/17/1997,8,3,40,40,0
10709,GOURL,1,10/17/1997,51,3,53,28,0
10709,GOURL,1,10/17/1997,60,3,34,10,0
10710,FRANS,1,10/20/1997,19,1,9.2,5,0
10710,FRANS,1,10/20/1997,47,1,9.5,5,0
10711,SAVEA,5,10/21/1997,19,2,9.2,12,0
10711,SAVEA,5,10/21/1997,41,2,9.65,42,0
10711,SAVEA,5,10/21/1997,53,2,32.8,120,0
10712,HUNGO,3,10/21/1997,53,1,32.8,3,0.05
10712,HUNGO,3,10/21/1997,56,1,38,30,0
10713,SAVEA,1,10/22/1997,10,1,31,18,0
10713,SAVEA,1,10/22/1997,26,1,31.23,30,0
10713,SAVEA,1,10/22/1997,45,1,9.5,110,0
10713,SAVEA,1,10/22/1997,46,1,12,24,0
10714,SAVEA,5,10/22/1997,2,3,19,30,0.25
10714,SAVEA,5,10/22/1997,17,3,39,27,0.25
10714,SAVEA,5,10/22/1997,47,3,9.5,50,0.25
10714,SAVEA,5,10/22/1997,56,3,38,18,0.25
10714,SAVEA,5,10/22/1997,58,3,13.25,12,0.25
10715,BONAP,3,10/23/1997,10,1,31,21,0
10715,BONAP,3,10/23/1997,71,1,21.5,30,0
10716,RANCH,4,10/24/1997,21,2,10,5,0
10716,RANCH,4,10/24/1997,51,2,53,7,0
10716,RANCH,4,10/24/1997,61,2,28.5,10,0
10717,FRANK,1,10/24/1997,21,2,10,32,0.05
10717,FRANK,1,10/24/1997,54,2,7.45,15,0
10717,FRANK,1,10/24/1997,69,2,36,25,0.05
10718,KOENE,1,10/27/1997,12,3,38,36,0
10718,KOENE,1,10/27/1997,16,3,17.45,20,0
10718,KOENE,1,10/27/1997,36,3,19,40,0
10718,KOENE,1,10/27/1997,62,3,49.3,20,0
10719,LETSS,8,10/27/1997,18,2,62.5,12,0.25
10719,LETSS,8,10/27/1997,30,2,25.89,3,0.25
10719,LETSS,8,10/27/1997,54,2,7.45,40,0.25
10720,QUEDE,8,10/28/1997,35,2,18,21,0
10720,QUEDE,8,10/28/1997,71,2,21.5,8,0
10721,QUICK,5,10/29/1997,44,3,19.45,50,0.05
10722,SAVEA,8,10/29/1997,2,1,19,3,0
10722,SAVEA,8,10/29/1997,31,1,12.5,50,0
10722,SAVEA,8,10/29/1997,68,1,12.5,45,0
10722,SAVEA,8,10/29/1997,75,1,7.75,42,0
10723,WHITC,3,10/30/1997,26,1,31.23,15,0
10724,MEREP,8,10/30/1997,10,2,31,16,0
10724,MEREP,8,10/30/1997,61,2,28.5,5,0
10725,FAMIA,4,10/31/1997,41,3,9.65,12,0
10725,FAMIA,4,10/31/1997,52,3,7,4,0
10725,FAMIA,4,10/31/1997,55,3,24,6,0
10726,EASTC,4,11/3/1997,4,1,22,25,0
10726,EASTC,4,11/3/1997,11,1,21,5,0
10727,REGGC,2,11/3/1997,17,1,39,20,0.05
10727,REGGC,2,11/3/1997,56,1,38,10,0.05
10727,REGGC,2,11/3/1997,59,1,55,10,0.05
10728,QUEEN,4,11/4/1997,30,2,25.89,15,0
10728,QUEEN,4,11/4/1997,40,2,18.4,6,0
10728,QUEEN,4,11/4/1997,55,2,24,12,0
10728,QUEEN,4,11/4/1997,60,2,34,15,0
10729,LINOD,8,11/4/1997,1,3,18,50,0
10729,LINOD,8,11/4/1997,21,3,10,30,0
10729,LINOD,8,11/4/1997,50,3,16.25,40,0
10730,BONAP,5,11/5/1997,16,1,17.45,15,0.05
10730,BONAP,5,11/5/1997,31,1,12.5,3,0.05
10730,BONAP,5,11/5/1997,65,1,21.05,10,0.05
10731,CHOPS,7,11/6/1997,21,1,10,40,0.05
10731,CHOPS,7,11/6/1997,51,1,53,30,0.05
10732,BONAP,3,11/6/1997,76,1,18,20,0
10733,BERGS,1,11/7/1997,14,3,23.25,16,0
10733,BERGS,1,11/7/1997,28,3,45.6,20,0
10733,BERGS,1,11/7/1997,52,3,7,25,0
10734,GOURL,2,11/7/1997,6,3,25,30,0
10734,GOURL,2,11/7/1997,30,3,25.89,15,0
10734,GOURL,2,11/7/1997,76,3,18,20,0
10735,LETSS,6,11/10/1997,61,2,28.5,20,0.1
10735,LETSS,6,11/10/1997,77,2,13,2,0.1
10736,HUNGO,9,11/11/1997,65,2,21.05,40,0
10736,HUNGO,9,11/11/1997,75,2,7.75,20,0
10737,VINET,2,11/11/1997,13,2,6,4,0
10737,VINET,2,11/11/1997,41,2,9.65,12,0
10738,SPECD,2,11/12/1997,16,1,17.45,3,0
10739,VINET,3,11/12/1997,36,3,19,6,0
10739,VINET,3,11/12/1997,52,3,7,18,0
10740,WHITC,4,11/13/1997,28,2,45.6,5,0.2
10740,WHITC,4,11/13/1997,35,2,18,35,0.2
10740,WHITC,4,11/13/1997,45,2,9.5,40,0.2
10740,WHITC,4,11/13/1997,56,2,38,14,0.2
10741,AROUT,4,11/14/1997,2,3,19,15,0.2
10742,BOTTM,3,11/14/1997,3,3,10,20,0
10742,BOTTM,3,11/14/1997,60,3,34,50,0
10742,BOTTM,3,11/14/1997,72,3,34.8,35,0
10743,AROUT,1,11/17/1997,46,2,12,28,0.05
10744,VAFFE,6,11/17/1997,40,1,18.4,50,0.2
10745,QUICK,9,11/18/1997,18,1,62.5,24,0
10745,QUICK,9,11/18/1997,44,1,19.45,16,0
10745,QUICK,9,11/18/1997,59,1,55,45,0
10745,QUICK,9,11/18/1997,72,1,34.8,7,0
10746,CHOPS,1,11/19/1997,13,3,6,6,0
10746,CHOPS,1,11/19/1997,42,3,14,28,0
10746,CHOPS,1,11/19/1997,62,3,49.3,9,0
10746,CHOPS,1,11/19/1997,69,3,36,40,0
10747,PICCO,6,11/19/1997,31,1,12.5,8,0
10747,PICCO,6,11/19/1997,41,1,9.65,35,0
10747,PICCO,6,11/19/1997,63,1,43.9,9,0
10747,PICCO,6,11/19/1997,69,1,36,30,0
10748,SAVEA,3,11/20/1997,23,1,9,44,0
10748,SAVEA,3,11/20/1997,40,1,18.4,40,0
10748,SAVEA,3,11/20/1997,56,1,38,28,0
10749,ISLAT,4,11/20/1997,56,2,38,15,0
10749,ISLAT,4,11/20/1997,59,2,55,6,0
10749,ISLAT,4,11/20/1997,76,2,18,10,0
10750,WARTH,9,11/21/1997,14,1,23.25,5,0.15
10750,WARTH,9,11/21/1997,45,1,9.5,40,0.15
10750,WARTH,9,11/21/1997,59,1,55,25,0.15
10751,RICSU,3,11/24/1997,26,3,31.23,12,0.1
10751,RICSU,3,11/24/1997,30,3,25.89,30,0
10751,RICSU,3,11/24/1997,50,3,16.25,20,0.1
10751,RICSU,3,11/24/1997,73,3,15,15,0
10752,NORTS,2,11/24/1997,1,3,18,8,0
10752,NORTS,2,11/24/1997,69,3,36,3,0
10753,FRANS,3,11/25/1997,45,1,9.5,4,0
10753,FRANS,3,11/25/1997,74,1,10,5,0
10754,MAGAA,6,11/25/1997,40,3,18.4,3,0
10755,BONAP,4,11/26/1997,47,2,9.5,30,0.25
10755,BONAP,4,11/26/1997,56,2,38,30,0.25
10755,BONAP,4,11/26/1997,57,2,19.5,14,0.25
10755,BONAP,4,11/26/1997,69,2,36,25,0.25
10756,SPLIR,8,11/27/1997,18,2,62.5,21,0.2
10756,SPLIR,8,11/27/1997,36,2,19,20,0.2
10756,SPLIR,8,11/27/1997,68,2,12.5,6,0.2
10756,SPLIR,8,11/27/1997,69,2,36,20,0.2
10757,SAVEA,6,11/27/1997,34,1,14,30,0
10757,SAVEA,6,11/27/1997,59,1,55,7,0
10757,SAVEA,6,11/27/1997,62,1,49.3,30,0
10757,SAVEA,6,11/27/1997,64,1,33.25,24,0
10758,RICSU,3,11/28/1997,26,3,31.23,20,0
10758,RICSU,3,11/28/1997,52,3,7,60,0
10758,RICSU,3,11/28/1997,70,3,15,40,0
10759,ANATR,3,11/28/1997,32,3,32,10,0
10760,MAISD,4,12/1/1997,25,1,14,12,0.25
10760,MAISD,4,12/1/1997,27,1,43.9,40,0
10760,MAISD,4,12/1/1997,43,1,46,30,0.25
10761,RATTC,5,12/2/1997,25,2,14,35,0.25
10761,RATTC,5,12/2/1997,75,2,7.75,18,0
10762,FOLKO,3,12/2/1997,39,1,18,16,0
10762,FOLKO,3,12/2/1997,47,1,9.5,30,0
10762,FOLKO,3,12/2/1997,51,1,53,28,0
10762,FOLKO,3,12/2/1997,56,1,38,60,0
10763,FOLIG,3,12/3/1997,21,3,10,40,0
10763,FOLIG,3,12/3/1997,22,3,21,6,0
10763,FOLIG,3,12/3/1997,24,3,4.5,20,0
10764,ERNSH,6,12/3/1997,3,3,10,20,0.1
10764,ERNSH,6,12/3/1997,39,3,18,130,0.1
10765,QUICK,3,12/4/1997,65,3,21.05,80,0.1
10766,OTTIK,4,12/5/1997,2,1,19,40,0
10766,OTTIK,4,12/5/1997,7,1,30,35,0
10766,OTTIK,4,12/5/1997,68,1,12.5,40,0
10767,SUPRD,4,12/5/1997,42,3,14,2,0
10768,AROUT,3,12/8/1997,22,2,21,4,0
10768,AROUT,3,12/8/1997,31,2,12.5,50,0
10768,AROUT,3,12/8/1997,60,2,34,15,0
10768,AROUT,3,12/8/1997,71,2,21.5,12,0
10769,VAFFE,3,12/8/1997,41,1,9.65,30,0.05
10769,VAFFE,3,12/8/1997,52,1,7,15,0.05
10769,VAFFE,3,12/8/1997,61,1,28.5,20,0
10769,VAFFE,3,12/8/1997,62,1,49.3,15,0
10770,HANAR,8,12/9/1997,11,3,21,15,0.25
10771,ERNSH,9,12/10/1997,71,2,21.5,16,0
10772,LEHMS,3,12/10/1997,29,2,123.79,18,0
10772,LEHMS,3,12/10/1997,59,2,55,25,0
10773,ERNSH,1,12/11/1997,17,3,39,33,0
10773,ERNSH,1,12/11/1997,31,3,12.5,70,0.2
10773,ERNSH,1,12/11/1997,75,3,7.75,7,0.2
10774,FOLKO,4,12/11/1997,31,1,12.5,2,0.25
10774,FOLKO,4,12/11/1997,66,1,17,50,0
10775,THECR,7,12/12/1997,10,1,31,6,0
10775,THECR,7,12/12/1997,67,1,14,3,0
10776,ERNSH,1,12/15/1997,31,3,12.5,16,0.05
10776,ERNSH,1,12/15/1997,42,3,14,12,0.05
10776,ERNSH,1,12/15/1997,45,3,9.5,27,0.05
10776,ERNSH,1,12/15/1997,51,3,53,120,0.05
10777,GOURL,7,12/15/1997,42,2,14,20,0.2
10778,BERGS,3,12/16/1997,41,1,9.65,10,0
10779,MORGK,3,12/16/1997,16,2,17.45,20,0
10779,MORGK,3,12/16/1997,62,2,49.3,20,0
10780,LILAS,2,12/16/1997,70,1,15,35,0
10780,LILAS,2,12/16/1997,77,1,13,15,0
10781,WARTH,2,12/17/1997,54,3,7.45,3,0.2
10781,WARTH,2,12/17/1997,56,3,38,20,0.2
10781,WARTH,2,12/17/1997,74,3,10,35,0
10782,CACTU,9,12/17/1997,31,3,12.5,1,0
10783,HANAR,4,12/18/1997,31,2,12.5,10,0
10783,HANAR,4,12/18/1997,38,2,263.5,5,0
10784,MAGAA,4,12/18/1997,36,3,19,30,0
10784,MAGAA,4,12/18/1997,39,3,18,2,0.15
10784,MAGAA,4,12/18/1997,72,3,34.8,30,0.15
10785,GROSR,1,12/18/1997,10,3,31,10,0
10785,GROSR,1,12/18/1997,75,3,7.75,10,0
10786,QUEEN,8,12/19/1997,8,1,40,30,0.2
10786,QUEEN,8,12/19/1997,30,1,25.89,15,0.2
10786,QUEEN,8,12/19/1997,75,1,7.75,42,0.2
10787,LAMAI,2,12/19/1997,2,1,19,15,0.05
10787,LAMAI,2,12/19/1997,29,1,123.79,20,0.05
10788,QUICK,1,12/22/1997,19,2,9.2,50,0.05
10788,QUICK,1,12/22/1997,75,2,7.75,40,0.05
10789,FOLIG,1,12/22/1997,18,2,62.5,30,0
10789,FOLIG,1,12/22/1997,35,2,18,15,0
10789,FOLIG,1,12/22/1997,63,2,43.9,30,0
10789,FOLIG,1,12/22/1997,68,2,12.5,18,0
10790,GOURL,6,12/22/1997,7,1,30,3,0.15
10790,GOURL,6,12/22/1997,56,1,38,20,0.15
10791,FRANK,6,12/23/1997,29,2,123.79,14,0.05
10791,FRANK,6,12/23/1997,41,2,9.65,20,0.05
10792,WOLZA,1,12/23/1997,2,3,19,10,0
10792,WOLZA,1,12/23/1997,54,3,7.45,3,0
10792,WOLZA,1,12/23/1997,68,3,12.5,15,0
10793,AROUT,3,12/24/1997,41,3,9.65,14,0
10793,AROUT,3,12/24/1997,52,3,7,8,0
10794,QUEDE,6,12/24/1997,14,1,23.25,15,0.2
10794,QUEDE,6,12/24/1997,54,1,7.45,6,0.2
10795,ERNSH,8,12/24/1997,16,2,17.45,65,0
10795,ERNSH,8,12/24/1997,17,2,39,35,0.25
10796,HILAA,3,12/25/1997,26,1,31.23,21,0.2
10796,HILAA,3,12/25/1997,44,1,19.45,10,0
10796,HILAA,3,12/25/1997,64,1,33.25,35,0.2
10796,HILAA,3,12/25/1997,69,1,36,24,0.2
10797,DRACD,7,12/25/1997,11,2,21,20,0
10798,ISLAT,2,12/26/1997,62,1,49.3,2,0
10798,ISLAT,2,12/26/1997,72,1,34.8,10,0
10799,KOENE,9,12/26/1997,13,3,6,20,0.15
10799,KOENE,9,12/26/1997,24,3,4.5,20,0.15
10799,KOENE,9,12/26/1997,59,3,55,25,0
10800,SEVES,1,12/26/1997,11,3,21,50,0.1
10800,SEVES,1,12/26/1997,51,3,53,10,0.1
10800,SEVES,1,12/26/1997,54,3,7.45,7,0.1
10801,BOLID,4,12/29/1997,17,2,39,40,0.25
10801,BOLID,4,12/29/1997,29,2,123.79,20,0.25
10802,SIMOB,4,12/29/1997,30,2,25.89,25,0.25
10802,SIMOB,4,12/29/1997,51,2,53,30,0.25
10802,SIMOB,4,12/29/1997,55,2,24,60,0.25
10802,SIMOB,4,12/29/1997,62,2,49.3,5,0.25
10803,WELLI,4,12/30/1997,19,1,9.2,24,0.05
10803,WELLI,4,12/30/1997,25,1,14,15,0.05
10803,WELLI,4,12/30/1997,59,1,55,15,0.05
10804,SEVES,6,12/30/1997,10,2,31,36,0
10804,SEVES,6,12/30/1997,28,2,45.6,24,0
10804,SEVES,6,12/30/1997,49,2,20,4,0.15
10805,THEBI,2,12/30/1997,34,3,14,10,0
10805,THEBI,2,12/30/1997,38,3,263.5,10,0
10806,VICTE,3,12/31/1997,2,2,19,20,0.25
10806,VICTE,3,12/31/1997,65,2,21.05,2,0
10806,VICTE,3,12/31/1997,74,2,10,15,0.25
10807,FRANS,4,12/31/1997,40,1,18.4,1,0
10808,OLDWO,2,1/1/1998,56,3,38,20,0.15
10808,OLDWO,2,1/1/1998,76,3,18,50,0.15
10809,WELLI,7,1/1/1998,52,1,7,20,0
10810,LAUGB,2,1/1/1998,13,3,6,7,0
10810,LAUGB,2,1/1/1998,25,3,14,5,0
10810,LAUGB,2,1/1/1998,70,3,15,5,0
10811,LINOD,8,1/2/1998,19,1,9.2,15,0
10811,LINOD,8,1/2/1998,23,1,9,18,0
10811,LINOD,8,1/2/1998,40,1,18.4,30,0
10812,REGGC,5,1/2/1998,31,1,12.5,16,0.1
10812,REGGC,5,1/2/1998,72,1,34.8,40,0.1
10812,REGGC,5,1/2/1998,77,1,13,20,0
10813,RICAR,1,1/5/1998,2,1,19,12,0.2
10813,RICAR,1,1/5/1998,46,1,12,35,0
10814,VICTE,3,1/5/1998,41,3,9.65,20,0
10814,VICTE,3,1/5/1998,43,3,46,20,0.15
10814,VICTE,3,1/5/1998,48,3,12.75,8,0.15
10814,VICTE,3,1/5/1998,61,3,28.5,30,0.15
10815,SAVEA,2,1/5/1998,33,3,2.5,16,0
10816,GREAL,4,1/6/1998,38,2,263.5,30,0.05
10816,GREAL,4,1/6/1998,62,2,49.3,20,0.05
10817,KOENE,3,1/6/1998,26,2,31.23,40,0.15
10817,KOENE,3,1/6/1998,38,2,263.5,30,0
10817,KOENE,3,1/6/1998,40,2,18.4,60,0.15
10817,KOENE,3,1/6/1998,62,2,49.3,25,0.15
10818,MAGAA,7,1/7/1998,32,3,32,20,0
10818,MAGAA,7,1/7/1998,41,3,9.65,20,0
10819,CACTU,2,1/7/1998,43,3,46,7,0
10819,CACTU,2,1/7/1998,75,3,7.75,20,0
10820,RATTC,3,1/7/1998,56,2,38,30,0
10821,SPLIR,1,1/8/1998,35,1,18,20,0
10821,SPLIR,1,1/8/1998,51,1,53,6,0
10822,TRAIH,6,1/8/1998,62,3,49.3,3,0
10822,TRAIH,6,1/8/1998,70,3,15,6,0
10823,LILAS,5,1/9/1998,11,2,21,20,0.1
10823,LILAS,5,1/9/1998,57,2,19.5,15,0
10823,LILAS,5,1/9/1998,59,2,55,40,0.1
10823,LILAS,5,1/9/1998,77,2,13,15,0.1
10824,FOLKO,8,1/9/1998,41,1,9.65,12,0
10824,FOLKO,8,1/9/1998,70,1,15,9,0
10825,DRACD,1,1/9/1998,26,1,31.23,12,0
10825,DRACD,1,1/9/1998,53,1,32.8,20,0
10826,BLONP,6,1/12/1998,31,1,12.5,35,0
10826,BLONP,6,1/12/1998,57,1,19.5,15,0
10827,BONAP,1,1/12/1998,10,2,31,15,0
10827,BONAP,1,1/12/1998,39,2,18,21,0
10828,RANCH,9,1/13/1998,20,1,81,5,0
10828,RANCH,9,1/13/1998,38,1,263.5,2,0
10829,ISLAT,9,1/13/1998,2,1,19,10,0
10829,ISLAT,9,1/13/1998,8,1,40,20,0
10829,ISLAT,9,1/13/1998,13,1,6,10,0
10829,ISLAT,9,1/13/1998,60,1,34,21,0
10830,TRADH,4,1/13/1998,6,2,25,6,0
10830,TRADH,4,1/13/1998,39,2,18,28,0
10830,TRADH,4,1/13/1998,60,2,34,30,0
10830,TRADH,4,1/13/1998,68,2,12.5,24,0
10831,SANTG,3,1/14/1998,19,2,9.2,2,0
10831,SANTG,3,1/14/1998,35,2,18,8,0
10831,SANTG,3,1/14/1998,38,2,263.5,8,0
10831,SANTG,3,1/14/1998,43,2,46,9,0
10832,LAMAI,2,1/14/1998,13,2,6,3,0.2
10832,LAMAI,2,1/14/1998,25,2,14,10,0.2
10832,LAMAI,2,1/14/1998,44,2,19.45,16,0.2
10832,LAMAI,2,1/14/1998,64,2,33.25,3,0
10833,OTTIK,6,1/15/1998,7,2,30,20,0.1
10833,OTTIK,6,1/15/1998,31,2,12.5,9,0.1
10833,OTTIK,6,1/15/1998,53,2,32.8,9,0.1
10834,TRADH,1,1/15/1998,29,3,123.79,8,0.05
10834,TRADH,1,1/15/1998,30,3,25.89,20,0.05
10835,ALFKI,1,1/15/1998,59,3,55,15,0
10835,ALFKI,1,1/15/1998,77,3,13,2,0.2
10836,ERNSH,7,1/16/1998,22,1,21,52,0
10836,ERNSH,7,1/16/1998,35,1,18,6,0
10836,ERNSH,7,1/16/1998,57,1,19.5,24,0
10836,ERNSH,7,1/16/1998,60,1,34,60,0
10836,ERNSH,7,1/16/1998,64,1,33.25,30,0
10837,BERGS,9,1/16/1998,13,3,6,6,0
10837,BERGS,9,1/16/1998,40,3,18.4,25,0
10837,BERGS,9,1/16/1998,47,3,9.5,40,0.25
10837,BERGS,9,1/16/1998,76,3,18,21,0.25
10838,LINOD,3,1/19/1998,1,3,18,4,0.25
10838,LINOD,3,1/19/1998,18,3,62.5,25,0.25
10838,LINOD,3,1/19/1998,36,3,19,50,0.25
10839,TRADH,3,1/19/1998,58,3,13.25,30,0.1
10839,TRADH,3,1/19/1998,72,3,34.8,15,0.1
10840,LINOD,4,1/19/1998,25,2,14,6,0.2
10840,LINOD,4,1/19/1998,39,2,18,10,0.2
10841,SUPRD,5,1/20/1998,10,2,31,16,0
10841,SUPRD,5,1/20/1998,56,2,38,30,0
10841,SUPRD,5,1/20/1998,59,2,55,50,0
10841,SUPRD,5,1/20/1998,77,2,13,15,0
10842,TORTU,1,1/20/1998,11,3,21,15,0
10842,TORTU,1,1/20/1998,43,3,46,5,0
10842,TORTU,1,1/20/1998,68,3,12.5,20,0
10842,TORTU,1,1/20/1998,70,3,15,12,0
10843,VICTE,4,1/21/1998,51,2,53,4,0.25
10844,PICCO,8,1/21/1998,22,2,21,35,0
10845,QUICK,8,1/21/1998,23,1,9,70,0.1
10845,QUICK,8,1/21/1998,35,1,18,25,0.1
10845,QUICK,8,1/21/1998,42,1,14,42,0.1
10845,QUICK,8,1/21/1998,58,1,13.25,60,0.1
10845,QUICK,8,1/21/1998,64,1,33.25,48,0
10846,SUPRD,2,1/22/1998,4,3,22,21,0
10846,SUPRD,2,1/22/1998,70,3,15,30,0
10846,SUPRD,2,1/22/1998,74,3,10,20,0
10847,SAVEA,4,1/22/1998,1,3,18,80,0.2
10847,SAVEA,4,1/22/1998,19,3,9.2,12,0.2
10847,SAVEA,4,1/22/1998,37,3,26,60,0.2
10847,SAVEA,4,1/22/1998,45,3,9.5,36,0.2
10847,SAVEA,4,1/22/1998,60,3,34,45,0.2
10847,SAVEA,4,1/22/1998,71,3,21.5,55,0.2
10848,CONSH,7,1/23/1998,5,2,21.35,30,0
10848,CONSH,7,1/23/1998,9,2,97,3,0
10849,KOENE,9,1/23/1998,3,2,10,49,0
10849,KOENE,9,1/23/1998,26,2,31.23,18,0.15
10850,VICTE,1,1/23/1998,25,1,14,20,0.15
10850,VICTE,1,1/23/1998,33,1,2.5,4,0.15
10850,VICTE,1,1/23/1998,70,1,15,30,0.15
10851,RICAR,5,1/26/1998,2,1,19,5,0.05
10851,RICAR,5,1/26/1998,25,1,14,10,0.05
10851,RICAR,5,1/26/1998,57,1,19.5,10,0.05
10851,RICAR,5,1/26/1998,59,1,55,42,0.05
10852,RATTC,8,1/26/1998,2,1,19,15,0
10852,RATTC,8,1/26/1998,17,1,39,6,0
10852,RATTC,8,1/26/1998,62,1,49.3,50,0
10853,BLAUS,9,1/27/1998,18,2,62.5,10,0
10854,ERNSH,3,1/27/1998,10,2,31,100,0.15
10854,ERNSH,3,1/27/1998,13,2,6,65,0.15
10855,OLDWO,3,1/27/1998,16,1,17.45,50,0
10855,OLDWO,3,1/27/1998,31,1,12.5,14,0
10855,OLDWO,3,1/27/1998,56,1,38,24,0
10855,OLDWO,3,1/27/1998,65,1,21.05,15,0.15
10856,ANTON,3,1/28/1998,2,2,19,20,0
10856,ANTON,3,1/28/1998,42,2,14,20,0
10857,BERGS,8,1/28/1998,3,2,10,30,0
10857,BERGS,8,1/28/1998,26,2,31.23,35,0.25
10857,BERGS,8,1/28/1998,29,2,123.79,10,0.25
10858,LACOR,2,1/29/1998,7,1,30,5,0
10858,LACOR,2,1/29/1998,27,1,43.9,10,0
10858,LACOR,2,1/29/1998,70,1,15,4,0
10859,FRANK,1,1/29/1998,24,2,4.5,40,0.25
10859,FRANK,1,1/29/1998,54,2,7.45,35,0.25
10859,FRANK,1,1/29/1998,64,2,33.25,30,0.25
10860,FRANR,3,1/29/1998,51,3,53,3,0
10860,FRANR,3,1/29/1998,76,3,18,20,0
10861,WHITC,4,1/30/1998,17,2,39,42,0
10861,WHITC,4,1/30/1998,18,2,62.5,20,0
10861,WHITC,4,1/30/1998,21,2,10,40,0
10861,WHITC,4,1/30/1998,33,2,2.5,35,0
10861,WHITC,4,1/30/1998,62,2,49.3,3,0
10862,LEHMS,8,1/30/1998,11,2,21,25,0
10862,LEHMS,8,1/30/1998,52,2,7,8,0
10863,HILAA,4,2/2/1998,1,2,18,20,0.15
10863,HILAA,4,2/2/1998,58,2,13.25,12,0.15
10864,AROUT,4,2/2/1998,35,2,18,4,0
10864,AROUT,4,2/2/1998,67,2,14,15,0
10865,QUICK,2,2/2/1998,38,1,263.5,60,0.05
10865,QUICK,2,2/2/1998,39,1,18,80,0.05
10866,BERGS,5,2/3/1998,2,1,19,21,0.25
10866,BERGS,5,2/3/1998,24,1,4.5,6,0.25
10866,BERGS,5,2/3/1998,30,1,25.89,40,0.25
10867,LONEP,6,2/3/1998,53,1,32.8,3,0
10868,QUEEN,7,2/4/1998,26,2,31.23,20,0
10868,QUEEN,7,2/4/1998,35,2,18,30,0
10868,QUEEN,7,2/4/1998,49,2,20,42,0.1
10869,SEVES,5,2/4/1998,1,1,18,40,0
10869,SEVES,5,2/4/1998,11,1,21,10,0
10869,SEVES,5,2/4/1998,23,1,9,50,0
10869,SEVES,5,2/4/1998,68,1,12.5,20,0
10870,WOLZA,5,2/4/1998,35,3,18,3,0
10870,WOLZA,5,2/4/1998,51,3,53,2,0
10871,BONAP,9,2/5/1998,6,2,25,50,0.05
10871,BONAP,9,2/5/1998,16,2,17.45,12,0.05
10871,BONAP,9,2/5/1998,17,2,39,16,0.05
10872,GODOS,5,2/5/1998,55,2,24,10,0.05
10872,GODOS,5,2/5/1998,62,2,49.3,20,0.05
10872,GODOS,5,2/5/1998,64,2,33.25,15,0.05
10872,GODOS,5,2/5/1998,65,2,21.05,21,0.05
10873,WILMK,4,2/6/1998,21,1,10,20,0
10873,WILMK,4,2/6/1998,28,1,45.6,3,0
10874,GODOS,5,2/6/1998,10,2,31,10,0
10875,BERGS,4,2/6/1998,19,2,9.2,25,0
10875,BERGS,4,2/6/1998,47,2,9.5,21,0.1
10875,BERGS,4,2/6/1998,49,2,20,15,0
10876,BONAP,7,2/9/1998,46,3,12,21,0
10876,BONAP,7,2/9/1998,64,3,33.25,20,0
10877,RICAR,1,2/9/1998,16,1,17.45,30,0.25
10877,RICAR,1,2/9/1998,18,1,62.5,25,0
10878,QUICK,4,2/10/1998,20,1,81,20,0.05
10879,WILMK,3,2/10/1998,40,3,18.4,12,0
10879,WILMK,3,2/10/1998,65,3,21.05,10,0
10879,WILMK,3,2/10/1998,76,3,18,10,0
10880,FOLKO,7,2/10/1998,23,1,9,30,0.2
10880,FOLKO,7,2/10/1998,61,1,28.5,30,0.2
10880,FOLKO,7,2/10/1998,70,1,15,50,0.2
10881,CACTU,4,2/11/1998,73,1,15,10,0
10882,SAVEA,4,2/11/1998,42,3,14,25,0
10882,SAVEA,4,2/11/1998,49,3,20,20,0.15
10882,SAVEA,4,2/11/1998,54,3,7.45,32,0.15
10883,LONEP,8,2/12/1998,24,3,4.5,8,0
10884,LETSS,4,2/12/1998,21,2,10,40,0.05
10884,LETSS,4,2/12/1998,56,2,38,21,0.05
10884,LETSS,4,2/12/1998,65,2,21.05,12,0.05
10885,SUPRD,6,2/12/1998,2,3,19,20,0
10885,SUPRD,6,2/12/1998,24,3,4.5,12,0
10885,SUPRD,6,2/12/1998,70,3,15,30,0
10885,SUPRD,6,2/12/1998,77,3,13,25,0
10886,HANAR,1,2/13/1998,10,1,31,70,0
10886,HANAR,1,2/13/1998,31,1,12.5,35,0
10886,HANAR,1,2/13/1998,77,1,13,40,0
10887,GALED,8,2/13/1998,25,3,14,5,0
10888,GODOS,1,2/16/1998,2,2,19,20,0
10888,GODOS,1,2/16/1998,68,2,12.5,18,0
10889,RATTC,9,2/16/1998,11,3,21,40,0
10889,RATTC,9,2/16/1998,38,3,263.5,40,0
10890,DUMON,7,2/16/1998,17,1,39,15,0
10890,DUMON,7,2/16/1998,34,1,14,10,0
10890,DUMON,7,2/16/1998,41,1,9.65,14,0
10891,LEHMS,7,2/17/1998,30,2,25.89,15,0.05
10892,MAISD,4,2/17/1998,59,2,55,40,0.05
10893,KOENE,9,2/18/1998,8,2,40,30,0
10893,KOENE,9,2/18/1998,24,2,4.5,10,0
10893,KOENE,9,2/18/1998,29,2,123.79,24,0
10893,KOENE,9,2/18/1998,30,2,25.89,35,0
10893,KOENE,9,2/18/1998,36,2,19,20,0
10894,SAVEA,1,2/18/1998,13,1,6,28,0.05
10894,SAVEA,1,2/18/1998,69,1,36,50,0.05
10894,SAVEA,1,2/18/1998,75,1,7.75,120,0.05
10895,ERNSH,3,2/18/1998,24,1,4.5,110,0
10895,ERNSH,3,2/18/1998,39,1,18,45,0
10895,ERNSH,3,2/18/1998,40,1,18.4,91,0
10895,ERNSH,3,2/18/1998,60,1,34,100,0
10896,MAISD,7,2/19/1998,45,3,9.5,15,0
10896,MAISD,7,2/19/1998,56,3,38,16,0
10897,HUNGO,3,2/19/1998,29,2,123.79,80,0
10897,HUNGO,3,2/19/1998,30,2,25.89,36,0
10898,OCEAN,4,2/20/1998,13,2,6,5,0
10899,LILAS,5,2/20/1998,39,3,18,8,0.15
10900,WELLI,1,2/20/1998,70,2,15,3,0.25
10901,HILAA,4,2/23/1998,41,1,9.65,30,0
10901,HILAA,4,2/23/1998,71,1,21.5,30,0
10902,FOLKO,1,2/23/1998,55,1,24,30,0.15
10902,FOLKO,1,2/23/1998,62,1,49.3,6,0.15
10903,HANAR,3,2/24/1998,13,3,6,40,0
10903,HANAR,3,2/24/1998,65,3,21.05,21,0
10903,HANAR,3,2/24/1998,68,3,12.5,20,0
10904,WHITC,3,2/24/1998,58,3,13.25,15,0
10904,WHITC,3,2/24/1998,62,3,49.3,35,0
10905,WELLI,9,2/24/1998,1,2,18,20,0.05
10906,WOLZA,4,2/25/1998,61,3,28.5,15,0
10907,SPECD,6,2/25/1998,75,3,7.75,14,0
10908,REGGC,4,2/26/1998,7,2,30,20,0.05
10908,REGGC,4,2/26/1998,52,2,7,14,0.05
10909,SANTG,1,2/26/1998,7,2,30,12,0
10909,SANTG,1,2/26/1998,16,2,17.45,15,0
10909,SANTG,1,2/26/1998,41,2,9.65,5,0
10910,WILMK,1,2/26/1998,19,3,9.2,12,0
10910,WILMK,1,2/26/1998,49,3,20,10,0
10910,WILMK,1,2/26/1998,61,3,28.5,5,0
10911,GODOS,3,2/26/1998,1,1,18,10,0
10911,GODOS,3,2/26/1998,17,1,39,12,0
10911,GODOS,3,2/26/1998,67,1,14,15,0
10912,HUNGO,2,2/26/1998,11,2,21,40,0.25
10912,HUNGO,2,2/26/1998,29,2,123.79,60,0.25
10913,QUEEN,4,2/26/1998,4,1,22,30,0.25
10913,QUEEN,4,2/26/1998,33,1,2.5,40,0.25
10913,QUEEN,4,2/26/1998,58,1,13.25,15,0
10914,QUEEN,6,2/27/1998,71,1,21.5,25,0
10915,TORTU,2,2/27/1998,17,2,39,10,0
10915,TORTU,2,2/27/1998,33,2,2.5,30,0
10915,TORTU,2,2/27/1998,54,2,7.45,10,0
10916,RANCH,1,2/27/1998,16,2,17.45,6,0
10916,RANCH,1,2/27/1998,32,2,32,6,0
10916,RANCH,1,2/27/1998,57,2,19.5,20,0
10917,ROMEY,4,3/2/1998,30,2,25.89,1,0
10917,ROMEY,4,3/2/1998,60,2,34,10,0
10918,BOTTM,3,3/2/1998,1,3,18,60,0.25
10918,BOTTM,3,3/2/1998,60,3,34,25,0.25
10919,LINOD,2,3/2/1998,16,2,17.45,24,0
10919,LINOD,2,3/2/1998,25,2,14,24,0
10919,LINOD,2,3/2/1998,40,2,18.4,20,0
10920,AROUT,4,3/3/1998,50,2,16.25,24,0
10921,VAFFE,1,3/3/1998,35,1,18,10,0
10921,VAFFE,1,3/3/1998,63,1,43.9,40,0
10922,HANAR,5,3/3/1998,17,3,39,15,0
10922,HANAR,5,3/3/1998,24,3,4.5,35,0
10923,LAMAI,7,3/3/1998,42,3,14,10,0.2
10923,LAMAI,7,3/3/1998,43,3,46,10,0.2
10923,LAMAI,7,3/3/1998,67,3,14,24,0.2
10924,BERGS,3,3/4/1998,10,2,31,20,0.1
10924,BERGS,3,3/4/1998,28,2,45.6,30,0.1
10924,BERGS,3,3/4/1998,75,2,7.75,6,0
10925,HANAR,3,3/4/1998,36,1,19,25,0.15
10925,HANAR,3,3/4/1998,52,1,7,12,0.15
10926,ANATR,4,3/4/1998,11,3,21,2,0
10926,ANATR,4,3/4/1998,13,3,6,10,0
10926,ANATR,4,3/4/1998,19,3,9.2,7,0
10926,ANATR,4,3/4/1998,72,3,34.8,10,0
10927,LACOR,4,3/5/1998,20,1,81,5,0
10927,LACOR,4,3/5/1998,52,1,7,5,0
10927,LACOR,4,3/5/1998,76,1,18,20,0
10928,GALED,1,3/5/1998,47,1,9.5,5,0
10928,GALED,1,3/5/1998,76,1,18,5,0
10929,FRANK,6,3/5/1998,21,1,10,60,0
10929,FRANK,6,3/5/1998,75,1,7.75,49,0
10929,FRANK,6,3/5/1998,77,1,13,15,0
10930,SUPRD,4,3/6/1998,21,3,10,36,0
10930,SUPRD,4,3/6/1998,27,3,43.9,25,0
10930,SUPRD,4,3/6/1998,55,3,24,25,0.2
10930,SUPRD,4,3/6/1998,58,3,13.25,30,0.2
10931,RICSU,4,3/6/1998,13,2,6,42,0.15
10931,RICSU,4,3/6/1998,57,2,19.5,30,0
10932,BONAP,8,3/6/1998,16,1,17.45,30,0.1
10932,BONAP,8,3/6/1998,62,1,49.3,14,0.1
10932,BONAP,8,3/6/1998,72,1,34.8,16,0
10932,BONAP,8,3/6/1998,75,1,7.75,20,0.1
10933,ISLAT,6,3/6/1998,53,3,32.8,2,0
10933,ISLAT,6,3/6/1998,61,3,28.5,30,0
10934,LEHMS,3,3/9/1998,6,3,25,20,0
10935,WELLI,4,3/9/1998,1,3,18,21,0
10935,WELLI,4,3/9/1998,18,3,62.5,4,0.25
10935,WELLI,4,3/9/1998,23,3,9,8,0.25
10936,GREAL,3,3/9/1998,36,2,19,30,0.2
10937,CACTU,7,3/10/1998,28,3,45.6,8,0
10937,CACTU,7,3/10/1998,34,3,14,20,0
10938,QUICK,3,3/10/1998,13,2,6,20,0.25
10938,QUICK,3,3/10/1998,43,2,46,24,0.25
10938,QUICK,3,3/10/1998,60,2,34,49,0.25
10938,QUICK,3,3/10/1998,71,2,21.5,35,0.25
10939,MAGAA,2,3/10/1998,2,2,19,10,0.15
10939,MAGAA,2,3/10/1998,67,2,14,40,0.15
10940,BONAP,8,3/11/1998,7,3,30,8,0
10940,BONAP,8,3/11/1998,13,3,6,20,0
10941,SAVEA,7,3/11/1998,31,2,12.5,44,0.25
10941,SAVEA,7,3/11/1998,62,2,49.3,30,0.25
10941,SAVEA,7,3/11/1998,68,2,12.5,80,0.25
10941,SAVEA,7,3/11/1998,72,2,34.8,50,0
10942,REGGC,9,3/11/1998,49,3,20,28,0
10943,BSBEV,4,3/11/1998,13,2,6,15,0
10943,BSBEV,4,3/11/1998,22,2,21,21,0
10943,BSBEV,4,3/11/1998,46,2,12,15,0
10944,BOTTM,6,3/12/1998,11,3,21,5,0.25
10944,BOTTM,6,3/12/1998,44,3,19.45,18,0.25
10944,BOTTM,6,3/12/1998,56,3,38,18,0
10945,MORGK,4,3/12/1998,13,1,6,20,0
10945,MORGK,4,3/12/1998,31,1,12.5,10,0
10946,VAFFE,1,3/12/1998,10,2,31,25,0
10946,VAFFE,1,3/12/1998,24,2,4.5,25,0
10946,VAFFE,1,3/12/1998,77,2,13,40,0
10947,BSBEV,3,3/13/1998,59,2,55,4,0
10948,GODOS,3,3/13/1998,50,3,16.25,9,0
10948,GODOS,3,3/13/1998,51,3,53,40,0
10948,GODOS,3,3/13/1998,55,3,24,4,0
10949,BOTTM,2,3/13/1998,6,3,25,12,0
10949,BOTTM,2,3/13/1998,10,3,31,30,0
10949,BOTTM,2,3/13/1998,17,3,39,6,0
10949,BOTTM,2,3/13/1998,62,3,49.3,60,0
10950,MAGAA,1,3/16/1998,4,2,22,5,0
10951,RICSU,9,3/16/1998,33,2,2.5,15,0.05
10951,RICSU,9,3/16/1998,41,2,9.65,6,0.05
10951,RICSU,9,3/16/1998,75,2,7.75,50,0.05
10952,ALFKI,1,3/16/1998,6,1,25,16,0.05
10952,ALFKI,1,3/16/1998,28,1,45.6,2,0
10953,AROUT,9,3/16/1998,20,2,81,50,0.05
10953,AROUT,9,3/16/1998,31,2,12.5,50,0.05
10954,LINOD,5,3/17/1998,16,1,17.45,28,0.15
10954,LINOD,5,3/17/1998,31,1,12.5,25,0.15
10954,LINOD,5,3/17/1998,45,1,9.5,30,0
10954,LINOD,5,3/17/1998,60,1,34,24,0.15
10955,FOLKO,8,3/17/1998,75,2,7.75,12,0.2
10956,BLAUS,6,3/17/1998,21,2,10,12,0
10956,BLAUS,6,3/17/1998,47,2,9.5,14,0
10956,BLAUS,6,3/17/1998,51,2,53,8,0
10957,HILAA,8,3/18/1998,30,3,25.89,30,0
10957,HILAA,8,3/18/1998,35,3,18,40,0
10957,HILAA,8,3/18/1998,64,3,33.25,8,0
10958,OCEAN,7,3/18/1998,5,2,21.35,20,0
10958,OCEAN,7,3/18/1998,7,2,30,6,0
10958,OCEAN,7,3/18/1998,72,2,34.8,5,0
10959,GOURL,6,3/18/1998,75,2,7.75,20,0.15
10960,HILAA,3,3/19/1998,24,1,4.5,10,0.25
10960,HILAA,3,3/19/1998,41,1,9.65,24,0
10961,QUEEN,8,3/19/1998,52,1,7,6,0.05
10961,QUEEN,8,3/19/1998,76,1,18,60,0
10962,QUICK,8,3/19/1998,7,2,30,45,0
10962,QUICK,8,3/19/1998,13,2,6,77,0
10962,QUICK,8,3/19/1998,53,2,32.8,20,0
10962,QUICK,8,3/19/1998,69,2,36,9,0
10962,QUICK,8,3/19/1998,76,2,18,44,0
10963,FURIB,9,3/19/1998,60,3,34,2,0.15
10964,SPECD,3,3/20/1998,18,2,62.5,6,0
10964,SPECD,3,3/20/1998,38,2,263.5,5,0
10964,SPECD,3,3/20/1998,69,2,36,10,0
10965,OLDWO,6,3/20/1998,51,3,53,16,0
10966,CHOPS,4,3/20/1998,37,1,26,8,0
10966,CHOPS,4,3/20/1998,56,1,38,12,0.15
10966,CHOPS,4,3/20/1998,62,1,49.3,12,0.15
10967,TOMSP,2,3/23/1998,19,2,9.2,12,0
10967,TOMSP,2,3/23/1998,49,2,20,40,0
10968,ERNSH,1,3/23/1998,12,3,38,30,0
10968,ERNSH,1,3/23/1998,24,3,4.5,30,0
10968,ERNSH,1,3/23/1998,64,3,33.25,4,0
10969,COMMI,1,3/23/1998,46,2,12,9,0
10970,BOLID,9,3/24/1998,52,1,7,40,0.2
10971,FRANR,2,3/24/1998,29,2,123.79,14,0
10972,LACOR,4,3/24/1998,17,2,39,6,0
10972,LACOR,4,3/24/1998,33,2,2.5,7,0
10973,LACOR,6,3/24/1998,26,2,31.23,5,0
10973,LACOR,6,3/24/1998,41,2,9.65,6,0
10973,LACOR,6,3/24/1998,75,2,7.75,10,0
10974,SPLIR,3,3/25/1998,63,3,43.9,10,0
10975,BOTTM,1,3/25/1998,8,3,40,16,0
10975,BOTTM,1,3/25/1998,75,3,7.75,10,0
10976,HILAA,1,3/25/1998,28,1,45.6,20,0
10977,FOLKO,8,3/26/1998,39,3,18,30,0
10977,FOLKO,8,3/26/1998,47,3,9.5,30,0
10977,FOLKO,8,3/26/1998,51,3,53,10,0
10977,FOLKO,8,3/26/1998,63,3,43.9,20,0
10978,MAISD,9,3/26/1998,8,2,40,20,0.15
10978,MAISD,9,3/26/1998,21,2,10,40,0.15
10978,MAISD,9,3/26/1998,40,2,18.4,10,0
10978,MAISD,9,3/26/1998,44,2,19.45,6,0.15
10979,ERNSH,8,3/26/1998,7,2,30,18,0
10979,ERNSH,8,3/26/1998,12,2,38,20,0
10979,ERNSH,8,3/26/1998,24,2,4.5,80,0
10979,ERNSH,8,3/26/1998,27,2,43.9,30,0
10979,ERNSH,8,3/26/1998,31,2,12.5,24,0
10979,ERNSH,8,3/26/1998,63,2,43.9,35,0
10980,FOLKO,4,3/27/1998,75,1,7.75,40,0.2
10981,HANAR,1,3/27/1998,38,2,263.5,60,0
10982,BOTTM,2,3/27/1998,7,1,30,20,0
10982,BOTTM,2,3/27/1998,43,1,46,9,0
10983,SAVEA,2,3/27/1998,13,2,6,84,0.15
10983,SAVEA,2,3/27/1998,57,2,19.5,15,0
10984,SAVEA,1,3/30/1998,16,3,17.45,55,0
10984,SAVEA,1,3/30/1998,24,3,4.5,20,0
10984,SAVEA,1,3/30/1998,36,3,19,40,0
10985,HUNGO,2,3/30/1998,16,1,17.45,36,0.1
10985,HUNGO,2,3/30/1998,18,1,62.5,8,0.1
10985,HUNGO,2,3/30/1998,32,1,32,35,0.1
10986,OCEAN,8,3/30/1998,11,2,21,30,0
10986,OCEAN,8,3/30/1998,20,2,81,15,0
10986,OCEAN,8,3/30/1998,76,2,18,10,0
10986,OCEAN,8,3/30/1998,77,2,13,15,0
10987,EASTC,8,3/31/1998,7,1,30,60,0
10987,EASTC,8,3/31/1998,43,1,46,6,0
10987,EASTC,8,3/31/1998,72,1,34.8,20,0
10988,RATTC,3,3/31/1998,7,2,30,60,0
10988,RATTC,3,3/31/1998,62,2,49.3,40,0.1
10989,QUEDE,2,3/31/1998,6,1,25,40,0
10989,QUEDE,2,3/31/1998,11,1,21,15,0
10989,QUEDE,2,3/31/1998,41,1,9.65,4,0
10990,ERNSH,2,4/1/1998,21,3,10,65,0
10990,ERNSH,2,4/1/1998,34,3,14,60,0.15
10990,ERNSH,2,4/1/1998,55,3,24,65,0.15
10990,ERNSH,2,4/1/1998,61,3,28.5,66,0.15
10991,QUICK,1,4/1/1998,2,1,19,50,0.2
10991,QUICK,1,4/1/1998,70,1,15,20,0.2
10991,QUICK,1,4/1/1998,76,1,18,90,0.2
10992,THEBI,1,4/1/1998,72,3,34.8,2,0
10993,FOLKO,7,4/1/1998,29,3,123.79,50,0.25
10993,FOLKO,7,4/1/1998,41,3,9.65,35,0.25
10994,VAFFE,2,4/2/1998,59,3,55,18,0.05
10995,PERIC,1,4/2/1998,51,3,53,20,0
10995,PERIC,1,4/2/1998,60,3,34,4,0
10996,QUICK,4,4/2/1998,42,2,14,40,0
10997,LILAS,8,4/3/1998,32,2,32,50,0
10997,LILAS,8,4/3/1998,46,2,12,20,0.25
10997,LILAS,8,4/3/1998,52,2,7,20,0.25
10998,WOLZA,8,4/3/1998,24,2,4.5,12,0
10998,WOLZA,8,4/3/1998,61,2,28.5,7,0
10998,WOLZA,8,4/3/1998,74,2,10,20,0
10998,WOLZA,8,4/3/1998,75,2,7.75,30,0
10999,OTTIK,6,4/3/1998,41,2,9.65,20,0.05
10999,OTTIK,6,4/3/1998,51,2,53,15,0.05
10999,OTTIK,6,4/3/1998,77,2,13,21,0.05
11000,RATTC,2,4/6/1998,4,3,22,25,0.25
11000,RATTC,2,4/6/1998,24,3,4.5,30,0.25
11000,RATTC,2,4/6/1998,77,3,13,30,0
11001,FOLKO,2,4/6/1998,7,2,30,60,0
11001,FOLKO,2,4/6/1998,22,2,21,25,0
11001,FOLKO,2,4/6/1998,46,2,12,25,0
11001,FOLKO,2,4/6/1998,55,2,24,6,0
11002,SAVEA,4,4/6/1998,13,1,6,56,0
11002,SAVEA,4,4/6/1998,35,1,18,15,0.15
11002,SAVEA,4,4/6/1998,42,1,14,24,0.15
11002,SAVEA,4,4/6/1998,55,1,24,40,0
11003,THECR,3,4/6/1998,1,3,18,4,0
11003,THECR,3,4/6/1998,40,3,18.4,10,0
11003,THECR,3,4/6/1998,52,3,7,10,0
11004,MAISD,3,4/7/1998,26,1,31.23,6,0
11004,MAISD,3,4/7/1998,76,1,18,6,0
11005,WILMK,2,4/7/1998,1,1,18,2,0
11005,WILMK,2,4/7/1998,59,1,55,10,0
11006,GREAL,3,4/7/1998,1,2,18,8,0
11006,GREAL,3,4/7/1998,29,2,123.79,2,0.25
11007,PRINI,8,4/8/1998,8,2,40,30,0
11007,PRINI,8,4/8/1998,29,2,123.79,10,0
11007,PRINI,8,4/8/1998,42,2,14,14,0
11008,ERNSH,7,4/8/1998,28,3,45.6,70,0.05
11008,ERNSH,7,4/8/1998,34,3,14,90,0.05
11008,ERNSH,7,4/8/1998,71,3,21.5,21,0
11009,GODOS,2,4/8/1998,24,1,4.5,12,0
11009,GODOS,2,4/8/1998,36,1,19,18,0.25
11009,GODOS,2,4/8/1998,60,1,34,9,0
11010,REGGC,2,4/9/1998,7,2,30,20,0
11010,REGGC,2,4/9/1998,24,2,4.5,10,0
11011,ALFKI,3,4/9/1998,58,1,13.25,40,0.05
11011,ALFKI,3,4/9/1998,71,1,21.5,20,0
11012,FRANK,1,4/9/1998,19,3,9.2,50,0.05
11012,FRANK,1,4/9/1998,60,3,34,36,0.05
11012,FRANK,1,4/9/1998,71,3,21.5,60,0.05
11013,ROMEY,2,4/9/1998,23,1,9,10,0
11013,ROMEY,2,4/9/1998,42,1,14,4,0
11013,ROMEY,2,4/9/1998,45,1,9.5,20,0
11013,ROMEY,2,4/9/1998,68,1,12.5,2,0
11014,LINOD,2,4/10/1998,41,3,9.65,28,0.1
11015,SANTG,2,4/10/1998,30,2,25.89,15,0
11015,SANTG,2,4/10/1998,77,2,13,18,0
11016,AROUT,9,4/10/1998,31,2,12.5,15,0
11016,AROUT,9,4/10/1998,36,2,19,16,0
11017,ERNSH,9,4/13/1998,3,2,10,25,0
11017,ERNSH,9,4/13/1998,59,2,55,110,0
11017,ERNSH,9,4/13/1998,70,2,15,30,0
11018,LONEP,4,4/13/1998,12,2,38,20,0
11018,LONEP,4,4/13/1998,18,2,62.5,10,0
11018,LONEP,4,4/13/1998,56,2,38,5,0
11019,RANCH,6,4/13/1998,46,3,12,3,0
11019,RANCH,6,4/13/1998,49,3,20,2,0
11020,OTTIK,2,4/14/1998,10,2,31,24,0.15
11021,QUICK,3,4/14/1998,2,1,19,11,0.25
11021,QUICK,3,4/14/1998,20,1,81,15,0
11021,QUICK,3,4/14/1998,26,1,31.23,63,0
11021,QUICK,3,4/14/1998,51,1,53,44,0.25
11021,QUICK,3,4/14/1998,72,1,34.8,35,0
11022,HANAR,9,4/14/1998,19,2,9.2,35,0
11022,HANAR,9,4/14/1998,69,2,36,30,0
11023,BSBEV,1,4/14/1998,7,2,30,4,0
11023,BSBEV,1,4/14/1998,43,2,46,30,0
11024,EASTC,4,4/15/1998,26,1,31.23,12,0
11024,EASTC,4,4/15/1998,33,1,2.5,30,0
11024,EASTC,4,4/15/1998,65,1,21.05,21,0
11024,EASTC,4,4/15/1998,71,1,21.5,50,0
11025,WARTH,6,4/15/1998,1,3,18,10,0.1
11025,WARTH,6,4/15/1998,13,3,6,20,0.1
11026,FRANS,4,4/15/1998,18,1,62.5,8,0
11026,FRANS,4,4/15/1998,51,1,53,10,0
11027,BOTTM,1,4/16/1998,24,1,4.5,30,0.25
11027,BOTTM,1,4/16/1998,62,1,49.3,21,0.25
11028,KOENE,2,4/16/1998,55,1,24,35,0
11028,KOENE,2,4/16/1998,59,1,55,24,0
11029,CHOPS,4,4/16/1998,56,1,38,20,0
11029,CHOPS,4,4/16/1998,63,1,43.9,12,0
11030,SAVEA,7,4/17/1998,2,2,19,100,0.25
11030,SAVEA,7,4/17/1998,5,2,21.35,70,0
11030,SAVEA,7,4/17/1998,29,2,123.79,60,0.25
11030,SAVEA,7,4/17/1998,59,2,55,100,0.25
11031,SAVEA,6,4/17/1998,1,2,18,45,0
11031,SAVEA,6,4/17/1998,13,2,6,80,0
11031,SAVEA,6,4/17/1998,24,2,4.5,21,0
11031,SAVEA,6,4/17/1998,64,2,33.25,20,0
11031,SAVEA,6,4/17/1998,71,2,21.5,16,0
11032,WHITC,2,4/17/1998,36,3,19,35,0
11032,WHITC,2,4/17/1998,38,3,263.5,25,0
11032,WHITC,2,4/17/1998,59,3,55,30,0
11033,RICSU,7,4/17/1998,53,3,32.8,70,0.1
11033,RICSU,7,4/17/1998,69,3,36,36,0.1
11034,OLDWO,8,4/20/1998,21,1,10,15,0.1
11034,OLDWO,8,4/20/1998,44,1,19.45,12,0
11034,OLDWO,8,4/20/1998,61,1,28.5,6,0
11035,SUPRD,2,4/20/1998,1,2,18,10,0
11035,SUPRD,2,4/20/1998,35,2,18,60,0
11035,SUPRD,2,4/20/1998,42,2,14,30,0
11035,SUPRD,2,4/20/1998,54,2,7.45,10,0
11036,DRACD,8,4/20/1998,13,3,6,7,0
11036,DRACD,8,4/20/1998,59,3,55,30,0
11037,GODOS,7,4/21/1998,70,1,15,4,0
11038,SUPRD,1,4/21/1998,40,2,18.4,5,0.2
11038,SUPRD,1,4/21/1998,52,2,7,2,0
11038,SUPRD,1,4/21/1998,71,2,21.5,30,0
11039,LINOD,1,4/21/1998,28,2,45.6,20,0
11039,LINOD,1,4/21/1998,35,2,18,24,0
11039,LINOD,1,4/21/1998,49,2,20,60,0
11039,LINOD,1,4/21/1998,57,2,19.5,28,0
11040,GREAL,4,4/22/1998,21,3,10,20,0
11041,CHOPS,3,4/22/1998,2,2,19,30,0.2
11041,CHOPS,3,4/22/1998,63,2,43.9,30,0
11042,COMMI,2,4/22/1998,44,1,19.45,15,0
11042,COMMI,2,4/22/1998,61,1,28.5,4,0
11043,SPECD,5,4/22/1998,11,2,21,10,0
11044,WOLZA,4,4/23/1998,62,1,49.3,12,0
11045,BOTTM,6,4/23/1998,33,2,2.5,15,0
11045,BOTTM,6,4/23/1998,51,2,53,24,0
11046,WANDK,8,4/23/1998,12,2,38,20,0.05
11046,WANDK,8,4/23/1998,32,2,32,15,0.05
11046,WANDK,8,4/23/1998,35,2,18,18,0.05
11047,EASTC,7,4/24/1998,1,3,18,25,0.25
11047,EASTC,7,4/24/1998,5,3,21.35,30,0.25
11048,BOTTM,7,4/24/1998,68,3,12.5,42,0
11049,GOURL,3,4/24/1998,2,1,19,10,0.2
11049,GOURL,3,4/24/1998,12,1,38,4,0.2
11050,FOLKO,8,4/27/1998,76,2,18,50,0.1
11051,LAMAI,7,4/27/1998,24,3,4.5,10,0.2
11052,HANAR,3,4/27/1998,43,1,46,30,0.2
11052,HANAR,3,4/27/1998,61,1,28.5,10,0.2
11053,PICCO,2,4/27/1998,18,2,62.5,35,0.2
11053,PICCO,2,4/27/1998,32,2,32,20,0
11053,PICCO,2,4/27/1998,64,2,33.25,25,0.2
11054,CACTU,8,4/28/1998,33,1,2.5,10,0
11054,CACTU,8,4/28/1998,67,1,14,20,0
11055,HILAA,7,4/28/1998,24,2,4.5,15,0
11055,HILAA,7,4/28/1998,25,2,14,15,0
11055,HILAA,7,4/28/1998,51,2,53,20,0
11055,HILAA,7,4/28/1998,57,2,19.5,20,0
11056,EASTC,8,4/28/1998,7,2,30,40,0
11056,EASTC,8,4/28/1998,55,2,24,35,0
11056,EASTC,8,4/28/1998,60,2,34,50,0
11057,NORTS,3,4/29/1998,70,3,15,3,0
11058,BLAUS,9,4/29/1998,21,3,10,3,0
11058,BLAUS,9,4/29/1998,60,3,34,21,0
11058,BLAUS,9,4/29/1998,61,3,28.5,4,0
11059,RICAR,2,4/29/1998,13,2,6,30,0
11059,RICAR,2,4/29/1998,17,2,39,12,0
11059,RICAR,2,4/29/1998,60,2,34,35,0
11060,FRANS,2,4/30/1998,60,2,34,4,0
11060,FRANS,2,4/30/1998,77,2,13,10,0
11061,GREAL,4,4/30/1998,60,3,34,15,0
11062,REGGC,4,4/30/1998,53,2,32.8,10,0.2
11062,REGGC,4,4/30/1998,70,2,15,12,0.2
11063,HUNGO,3,4/30/1998,34,2,14,30,0
11063,HUNGO,3,4/30/1998,40,2,18.4,40,0.1
11063,HUNGO,3,4/30/1998,41,2,9.65,30,0.1
11064,SAVEA,1,5/1/1998,17,1,39,77,0.1
11064,SAVEA,1,5/1/1998,41,1,9.65,12,0
11064,SAVEA,1,5/1/1998,53,1,32.8,25,0.1
11064,SAVEA,1,5/1/1998,55,1,24,4,0.1
11064,SAVEA,1,5/1/1998,68,1,12.5,55,0
11065,LILAS,8,5/1/1998,30,1,25.89,4,0.25
11065,LILAS,8,5/1/1998,54,1,7.45,20,0.25
11066,WHITC,7,5/1/1998,16,2,17.45,3,0
11066,WHITC,7,5/1/1998,19,2,9.2,42,0
11066,WHITC,7,5/1/1998,34,2,14,35,0
11067,DRACD,1,5/4/1998,41,2,9.65,9,0
11068,QUEEN,8,5/4/1998,28,2,45.6,8,0.15
11068,QUEEN,8,5/4/1998,43,2,46,36,0.15
11068,QUEEN,8,5/4/1998,77,2,13,28,0.15
11069,TORTU,1,5/4/1998,39,2,18,20,0
11070,LEHMS,2,5/5/1998,1,1,18,40,0.15
11070,LEHMS,2,5/5/1998,2,1,19,20,0.15
11070,LEHMS,2,5/5/1998,16,1,17.45,30,0.15
11070,LEHMS,2,5/5/1998,31,1,12.5,20,0
11071,LILAS,1,5/5/1998,7,1,30,15,0.05
11071,LILAS,1,5/5/1998,13,1,6,10,0.05
11072,ERNSH,4,5/5/1998,2,2,19,8,0
11072,ERNSH,4,5/5/1998,41,2,9.65,40,0
11072,ERNSH,4,5/5/1998,50,2,16.25,22,0
11072,ERNSH,4,5/5/1998,64,2,33.25,130,0
11073,PERIC,2,5/5/1998,11,2,21,10,0
11073,PERIC,2,5/5/1998,24,2,4.5,20,0
11074,SIMOB,7,5/6/1998,16,2,17.45,14,0.05
11075,RICSU,8,5/6/1998,2,2,19,10,0.15
11075,RICSU,8,5/6/1998,46,2,12,30,0.15
11075,RICSU,8,5/6/1998,76,2,18,2,0.15
11076,BONAP,4,5/6/1998,6,2,25,20,0.25
11076,BONAP,4,5/6/1998,14,2,23.25,20,0.25
11076,BONAP,4,5/6/1998,19,2,9.2,10,0.25
11077,RATTC,1,5/6/1998,2,2,19,24,0.2
11077,RATTC,1,5/6/1998,3,2,10,4,0
11077,RATTC,1,5/6/1998,4,2,22,1,0
11077,RATTC,1,5/6/1998,6,2,25,1,0.02
11077,RATTC,1,5/6/1998,7,2,30,1,0.05
11077,RATTC,1,5/6/1998,8,2,40,2,0.1
11077,RATTC,1,5/6/1998,10,2,31,1,0
11077,RATTC,1,5/6/1998,12,2,38,2,0.05
11077,RATTC,1,5/6/1998,13,2,6,4,0
11077,RATTC,1,5/6/1998,14,2,23.25,1,0.03
11077,RATTC,1,5/6/1998,16,2,17.45,2,0.03
11077,RATTC,1,5/6/1998,20,2,81,1,0.04
11077,RATTC,1,5/6/1998,23,2,9,2,0
11077,RATTC,1,5/6/1998,32,2,32,1,0
11077,RATTC,1,5/6/1998,39,2,18,2,0.05
11077,RATTC,1,5/6/1998,41,2,9.65,3,0
11077,RATTC,1,5/6/1998,46,2,12,3,0.02
11077,RATTC,1,5/6/1998,52,2,7,2,0
11077,RATTC,1,5/6/1998,55,2,24,2,0
11077,RATTC,1,5/6/1998,60,2,34,2,0.06
11077,RATTC,1,5/6/1998,64,2,33.25,2,0.03
11077,RATTC,1,5/6/1998,66,2,17,1,0
11077,RATTC,1,5/6/1998,73,2,15,2,0.01
11077,RATTC,1,5/6/1998,75,2,7.75,4,0
11077,RATTC,1,5/6/1998,77,2,13,2,0
